run_id,timestamp,hypothesis,changed_variables,seed,vocab_size,context_length,stride,batch_size,epochs,steps_per_epoch,max_steps,learning_rate,weight_decay,grad_clip,emb_dim,n_heads,n_layers,drop_rate,qkv_bias,ffn_mult,norm_first,norm_eps,activation_name,ffn_dropout_position,attention_impl,tie_embeddings,init_std,final_train_loss,final_val_loss,final_generalization_gap,generalization_gap_delta,train_val_improvement_gap,overfit_score,fit_status,parameter_count,tokens_per_sec,elapsed_sec,device,artifact_dir
1,2026-06-02T18:53:52+00:00,기준선 수립: 현재 하드웨어에 맞춘 작은 GPT 설정으로 train/val gap과 처리량 기준점을 만든다.,"{""activation_name"": ""gelu"", ""attention_impl"": ""manual"", ""batch_size"": 4, ""context_length"": 48, ""drop_rate"": 0.1, ""effective_max_steps"": ""1"", ""emb_dim"": 96, ""epochs"": ""0.025641"", ""eval_batches"": 4, ""ffn_dropout_position"": ""after_output"", ""ffn_mult"": 4, ""grad_clip"": 1.0, ""hypothesis"": ""기준선 수립: 현재 하드웨어에 맞춘 작은 GPT 설정으로 train/val gap과 처리량 기준점을 만든다."", ""init_std"": 0.02, ""learning_rate"": 0.0003, ""min_frequency"": 2, ""n_heads"": 4, ""n_layers"": 2, ""norm_eps"": 1e-05, ""norm_first"": false, ""qkv_bias"": false, ""run_id"": 1, ""seed"": 123, ""stride"": null, ""tie_embeddings"": false, ""train_ratio"": 0.9, ""vocab_size"": 600, ""weight_decay"": 0.01}",123,600,48,,4,0.025641,39,1,0.0003,0.01,1.0,96,4,2,0.1,False,4,False,1e-05,gelu,after_output,manual,False,0.02,6.413617730140686,6.421781539916992,0.008163809776306152,0.0008448362350463867,0.0008448362350463867,0.009853482246398926,underfit_or_too_short,343104,22892.342234238993,0.008387084119021893,cpu,docs/train/runs/run_001_artifacts
2,2026-06-02T19:00:52+00:00,"MPS 기준선 재수립: run 001은 max_steps=1 smoke라 과소학습 신호가 강했으므로, Apple Silicon MPS에 맞춘 중간 크기 기준선으로 validation 개선과 gap 안정성을 다시 측정한다.","{""batch_size"": 8, ""context_length"": 64, ""effective_max_steps"": ""40"", ""emb_dim"": 128, ""epochs"": ""2.666667"", ""learning_rate"": 0.0003, ""n_layers"": 2, ""seed"": 134}",134,600,64,,8,2.666667,15,40,0.0003,0.01,1.0,128,4,2,0.1,False,4,False,1e-05,gelu,after_output,manual,False,0.02,5.710260987281799,5.763571500778198,0.053310513496398926,0.06066453456878662,0.06066453456878662,0.17463958263397217,overfit_risk,557824,8252.360871547886,2.4196712081320584,mps,docs/train/runs/run_002_artifacts
3,2026-06-02T19:07:05+00:00,"정규화 강도 단일축 테스트: run 002는 validation loss를 크게 낮췄지만 final_generalization_gap과 overfit_score가 함께 커졌으므로, 같은 seed와 같은 MPS 기준선에서 drop_rate만 0.10에서 0.20으로 올리면 validation 성능을 크게 잃지 않으면서 gap을 줄일 수 있다.","{""drop_rate"": 0.2}",134,600,64,,8,2.666667,15,40,0.0003,0.01,1.0,128,4,2,0.2,False,4,False,1e-05,gelu,after_output,manual,False,0.02,5.722468972206116,5.774217367172241,0.05174839496612549,0.059102416038513184,0.059102416038513184,0.16995322704315186,overfit_risk,557824,30303.168265374887,0.658941000001505,mps,docs/train/runs/run_003_artifacts
4,2026-06-02T19:16:07+00:00,"입출력 임베딩 공유 단일축 테스트: run 002가 현재 best지만 overfit_risk이고, run 003의 dropout 강화는 gap을 아주 조금만 낮췄다. 따라서 run 002 설정을 거의 고정하고 tie_embeddings=True만 적용하면 parameter_count가 줄어 작은 말뭉치에서 외우는 힘이 낮아져 final_generalization_gap과 overfit_score가 개선될 수 있다.","{""tie_embeddings"": true}",134,600,64,,8,2.666667,15,40,0.0003,0.01,1.0,128,4,2,0.1,False,4,False,1e-05,gelu,after_output,manual,True,0.02,5.719310164451599,5.755529403686523,0.036219239234924316,0.06860005855560303,0.06860005855560303,0.17341935634613037,overfit_risk,481024,29670.53973536585,0.6729907908011228,mps,docs/train/runs/run_004_artifacts
5,2026-06-02T19:18:21+00:00,weight_decay 단일축 정규화 테스트: run 004는 tie_embeddings=True로 validation loss와 final gap을 개선해 best가 되었지만 overfit_score는 여전히 높다. run 004 설정을 유지하고 weight_decay만 0.01에서 0.05로 올리면 train 쪽 과도한 개선을 누그러뜨려 overfit_score와 train_val_improvement_gap을 낮출 수 있다.,"{""weight_decay"": 0.05}",134,600,64,,8,2.666667,15,40,0.0003,0.05,1.0,128,4,2,0.1,False,4,False,1e-05,gelu,after_output,manual,True,0.02,5.719560503959656,5.755751132965088,0.03619062900543213,0.06857144832611084,0.06857144832611084,0.1733335256576538,overfit_risk,481024,28823.59585510851,0.6927657499909401,mps,docs/train/runs/run_005_artifacts
6,2026-06-02T19:23:28+00:00,"FFN 용량 축소 단일축 테스트: run 004의 tie_embeddings=True 설정은 validation loss와 final gap을 개선했지만 overfit_score는 여전히 높다. weight_decay 강화(run 005)는 거의 효과가 없었으므로, run 004 설정을 유지하고 ffn_mult만 4에서 3으로 줄이면 token별 FFN 암기 용량이 낮아져 validation 성능을 크게 잃지 않으면서 overfit_score와 train_val_improvement_gap이 완화될 수 있다.","{""ffn_mult"": 3}",134,600,64,,8,2.666667,15,40,0.0003,0.01,1.0,128,4,2,0.1,False,3,False,1e-05,gelu,after_output,manual,True,0.02,5.7244322299957275,5.776598215103149,0.052165985107421875,0.05618715286254883,0.05618715286254883,0.16454029083251953,overfit_risk,415232,32748.433765575148,0.6097390837967396,mps,docs/train/runs/run_006_artifacts
7,2026-06-02T19:28:34+00:00,"best 설정 seed 재현성 검증: run 004의 tie_embeddings=True 설정은 현재까지 가장 낮은 final_val_loss와 안정적인 final gap을 보였지만, 아직 seed=134 한 번의 결과다. 구조나 regularization 축을 더 바꾸기 전에 seed만 151로 바꿔도 validation 개선과 gap 완화가 유지되는지 확인한다.","{""seed"": 151}",151,600,64,,8,2.666667,15,40,0.0003,0.01,1.0,128,4,2,0.1,False,4,False,1e-05,gelu,after_output,manual,True,0.02,5.707884669303894,5.754852533340454,0.04696786403656006,0.04625129699707031,0.04625129699707031,0.13947045803070068,generalizing,481024,22407.438011280297,0.8911326671950519,mps,docs/train/runs/run_007_artifacts
8,2026-06-02T19:33:17+00:00,"quick_gelu 활성함수 단일축 테스트: tie_embeddings=True 기준선은 seed=151에서 generalizing을 만들었으므로, 같은 설정에서 activation_name만 gelu에서 quick_gelu로 바꾸면 GELU 근사 특성으로 validation 성능을 유지하면서 처리량 또는 overfit_score가 개선될 수 있다.","{""activation_name"": ""quick_gelu""}",151,600,64,,8,2.666667,15,40,0.0003,0.01,1.0,128,4,2,0.1,False,4,False,1e-05,quick_gelu,after_output,manual,True,0.02,5.707627296447754,5.75455904006958,0.04693174362182617,0.04622364044189453,0.04622364044189453,0.13937902450561523,generalizing,481024,28917.76168247565,0.6905098748393357,mps,docs/train/runs/run_008_artifacts
9,2026-06-02T19:38:28+00:00,"quick_gelu seed 재현성 검증: run 008은 seed=151에서 quick_gelu가 gelu 기준선(run 007)보다 validation loss, overfit_score, 처리량을 모두 조금 개선했다. 같은 quick_gelu + tie_embeddings=True 설정을 seed=134에서도 실행하면 run 004(gelu, seed=134) 대비 generalization gap과 overfit_score가 유지 또는 개선되는지 확인할 수 있다.","{""seed"": 134}",134,600,64,,8,2.666667,15,40,0.0003,0.01,1.0,128,4,2,0.1,False,4,False,1e-05,quick_gelu,after_output,manual,True,0.02,5.719071745872498,5.75526762008667,0.03619587421417236,0.0685734748840332,0.0685734748840332,0.17334282398223877,overfit_risk,481024,31262.147735452178,0.6387277089525014,mps,docs/train/runs/run_009_artifacts
10,2026-06-02T19:43:28+00:00,"silu 활성함수 단일축 비교: quick_gelu는 seed=151에서 best를 만들었지만 seed=134에서는 overfit_risk로 돌아갔다. 같은 seed=151, tie_embeddings=True 기준선에서 activation_name만 silu로 바꾸면 부드러운 gate-like 비선형성이 validation 성능과 overfit_score를 quick_gelu 수준으로 유지하거나 더 안정화할 수 있다.","{""activation_name"": ""silu""}",151,600,64,,8,2.666667,15,40,0.0003,0.01,1.0,128,4,2,0.1,False,4,False,1e-05,silu,after_output,manual,True,0.02,5.709047079086304,5.756640195846558,0.047593116760253906,0.04681503772735596,0.04681503772735596,0.14122319221496582,generalizing,481024,32437.239959743027,0.6155887499917299,mps,docs/train/runs/run_010_artifacts
11,2026-06-02T19:48:53+00:00,"gelu_exact 활성함수 단일축 비교: run 008의 quick_gelu가 현재 best이고 run 010의 silu는 generalizing이지만 validation loss와 overfit_score가 약간 나빴다. 같은 seed=151, tie_embeddings=True 기준선에서 activation_name만 gelu_exact로 바꾸면 GELU 계열 내부에서 근사 quick_gelu의 이득이 계산 근사/속도 효과인지, exact GELU에서도 유지되는 안정성인지 분리해 확인할 수 있다.","{""activation_name"": ""gelu_exact""}",151,600,64,,8,2.666667,15,40,0.0003,0.01,1.0,128,4,2,0.1,False,4,False,1e-05,gelu_exact,after_output,manual,True,0.02,5.707884311676025,5.754852056503296,0.04696774482727051,0.04625105857849121,0.04625105857849121,0.13946986198425293,generalizing,481024,27807.857737654744,0.7180704169441015,mps,docs/train/runs/run_011_artifacts
12,2026-06-02T19:53:28+00:00,"quick_gelu seed variance 검증: run 008은 seed=151에서 현재 best였고 gelu_exact(run 011)는 거의 같은 수준이지만 미세하게 뒤졌다. quick_gelu의 우세가 특정 seed의 우연인지 확인하기 위해, 구조와 학습 조건은 run 008과 동일하게 유지하고 seed만 202로 바꿔 validation loss, gap, overfit_score의 흔들림을 측정한다.","{""seed"": 202}",202,600,64,,8,2.666667,15,40,0.0003,0.01,1.0,128,4,2,0.1,False,4,False,1e-05,quick_gelu,after_output,manual,True,0.02,5.720723867416382,5.769758224487305,0.04903435707092285,0.06879293918609619,0.06879293918609619,0.18662023544311523,overfit_risk,481024,29992.273970558083,0.6657714589964598,mps,docs/train/runs/run_012_artifacts
13,2026-06-02T19:58:38+00:00,drop_rate 정규화 단일축 테스트: quick_gelu seed=202 반복(run 012)은 final_val_loss가 악화되고 overfit_score가 0.1866까지 상승해 seed 민감성과 과적합 위험을 드러냈다. 같은 seed=202와 quick_gelu 설정을 유지하고 drop_rate만 0.10에서 0.15로 올리면 train 쪽 과도한 개선을 누그러뜨려 overfit_score와 train_val_improvement_gap을 낮출 수 있다.,"{""drop_rate"": 0.15}",202,600,64,,8,2.666667,15,40,0.0003,0.01,1.0,128,4,2,0.15,False,4,False,1e-05,quick_gelu,after_output,manual,True,0.02,5.725237846374512,5.774077653884888,0.04883980751037598,0.06859838962554932,0.06859838962554932,0.1860365867614746,overfit_risk,481024,26517.17408092089,0.7530214169528335,mps,docs/train/runs/run_013_artifacts
14,2026-06-02T20:03:27+00:00,"learning_rate 하향 최적화 단일축 테스트: quick_gelu seed=202 계열은 run 012와 run 013에서 모두 overfit_risk였고, drop_rate=0.15는 validation loss를 더 악화시켰다. dropout을 기준값 0.10으로 되돌리고 learning_rate만 0.0003에서 0.0002로 낮추면 train loss가 너무 빠르게 내려가며 validation 개선을 앞지르는 현상을 줄여 overfit_score와 train_val_improvement_gap을 낮출 수 있다.","{""learning_rate"": 0.0002}",202,600,64,,8,2.666667,15,40,0.0002,0.01,1.0,128,4,2,0.1,False,4,False,1e-05,quick_gelu,after_output,manual,True,0.02,5.913574934005737,5.956626892089844,0.043051958084106445,0.06281054019927979,0.06281054019927979,0.16867303848266602,overfit_risk,481024,34268.86128823347,0.5826864170376211,mps,docs/train/runs/run_014_artifacts
15,2026-06-02T20:08:30+00:00,"max_steps 조기 중단 단일축 테스트: seed=202 quick_gelu 계열은 learning_rate를 낮추면 validation loss가 크게 악화되고, dropout을 올려도 overfit_score가 거의 줄지 않았다. learning_rate를 0.0003으로 되돌리고 max_steps만 40에서 30으로 줄이면 train 쪽 과도한 개선이 누적되기 전에 멈춰 train_val_improvement_gap과 overfit_score를 낮추면서 run 012보다 validation 손실을 덜 악화시킬 수 있다.","{""effective_max_steps"": ""30"", ""epochs"": ""2.0""}",202,600,64,,8,2.0,15,30,0.0003,0.01,1.0,128,4,2,0.1,False,4,False,1e-05,quick_gelu,after_output,manual,True,0.02,5.859577775001526,5.912327766418457,0.05274999141693115,0.07250857353210449,0.07250857353210449,0.19776713848114014,overfit_risk,481024,29732.70002604865,0.49938283395022154,mps,docs/train/runs/run_015_artifacts
16,2026-06-02T20:13:32+00:00,"FFN dropout 위치 교체 단일축 테스트: run 008 quick_gelu seed=151이 현재 best지만 overfit_score는 0.139379로 아직 완전히 낮지는 않다. 같은 best 설정에서 ffn_dropout_position만 after_output에서 after_activation으로 바꾸면 FFN hidden activation에 직접 dropout이 걸려 train 쪽 과개선을 조금 줄이고, 구조를 바꾸지 않으면서 final_val_loss와 overfit_score의 균형을 개선할 수 있다.","{""ffn_dropout_position"": ""after_activation""}",151,600,64,,8,2.666667,15,40,0.0003,0.01,1.0,128,4,2,0.1,False,4,False,1e-05,quick_gelu,after_activation,manual,True,0.02,5.707980751991272,5.754159450531006,0.04617869853973389,0.045470595359802246,0.045470595359802246,0.13711988925933838,generalizing,481024,30836.516588093175,0.6475439579226077,mps,docs/train/runs/run_016_artifacts
17,2026-06-02T20:18:35+00:00,"after_activation dropout 위치 효과 seed=134 재현성 검증: run 016은 seed=151에서 ffn_dropout_position=after_activation이 새 best를 만들었다. 같은 설정을 seed=134로 반복하면, 기존 seed=134 quick_gelu 기준선(run 009)의 overfit_risk가 dropout 위치 변경으로 완화되는지 확인할 수 있다.","{""seed"": 134}",134,600,64,,8,2.666667,15,40,0.0003,0.01,1.0,128,4,2,0.1,False,4,False,1e-05,quick_gelu,after_activation,manual,True,0.02,5.719405770301819,5.754857540130615,0.03545176982879639,0.06782937049865723,0.06782937049865723,0.17111051082611084,overfit_risk,481024,29735.994007362377,0.6715094170067459,mps,docs/train/runs/run_017_artifacts
18,2026-06-02T20:23:50+00:00,"FFN dropout 자체 기여도 ablation: run 016은 quick_gelu + tie_embeddings=True + seed=151에서 ffn_dropout_position=after_activation이 현재 best를 만들었지만, run 017에서는 seed=134 재현성이 충분하지 않았다. 같은 best seed=151 설정에서 ffn_dropout_position만 none으로 바꾸면 dropout regularization 자체가 validation 성능과 overfit_score에 실제로 기여하는지 분리해서 확인할 수 있다.","{""ffn_dropout_position"": ""none""}",151,600,64,,8,2.666667,15,40,0.0003,0.01,1.0,128,4,2,0.1,False,4,False,1e-05,quick_gelu,none,manual,True,0.02,5.706410646438599,5.752647876739502,0.04623723030090332,0.04552912712097168,0.04552912712097168,0.13729548454284668,generalizing,481024,31824.20402193155,0.6274469578638673,mps,docs/train/runs/run_018_artifacts
19,2026-06-02T20:28:29+00:00,"ffn_dropout_position=none seed 강건성 검증: run 018은 seed=151에서 dropout 제거가 새 best를 만들었다. 같은 quick_gelu + tie_embeddings=True + ffn_dropout_position=none 설정을 seed=134로 반복하면, dropout 제거의 이득이 seed=151에만 국한된 우연인지 아니면 seed=134의 기존 overfit_risk까지 완화하는지 확인할 수 있다.","{""seed"": 134}",134,600,64,,8,2.666667,15,40,0.0003,0.01,1.0,128,4,2,0.1,False,4,False,1e-05,quick_gelu,none,manual,True,0.02,5.718900561332703,5.754166841506958,0.03526628017425537,0.06764388084411621,0.06764388084411621,0.1705540418624878,overfit_risk,481024,32477.46384287795,0.6148263330105692,mps,docs/train/runs/run_019_artifacts
20,2026-06-02T20:33:39+00:00,"학습 윈도우 stride 단일축 테스트: seed=134 계열은 dropout 위치와 제거를 바꿔도 overfit_score가 0.17대에 머물렀다. best 계열의 quick_gelu + tie_embeddings=True + ffn_dropout_position=none 설정을 유지하고 train stride만 64 상당의 기본값에서 32로 줄이면, 겹치는 학습 윈도우가 늘어나 같은 구조에서 더 많은 문맥 시작점을 보게 되어 validation loss와 train_val_improvement_gap의 균형이 개선될 수 있다.","{""stride"": 32}",134,600,64,32,8,1.37931,29,40,0.0003,0.01,1.0,128,4,2,0.1,False,4,False,1e-05,quick_gelu,none,manual,True,0.02,5.717697978019714,5.755429744720459,0.03773176670074463,0.06712496280670166,0.06712496280670166,0.17198169231414795,overfit_risk,481024,38171.13718097376,0.536531041841954,mps,docs/train/runs/run_020_artifacts
21,2026-06-02T20:38:26+00:00,"context_length 축소 단일축 테스트: seed=134 계열은 dropout 위치, dropout 제거, stride overlap을 바꿔도 overfit_risk가 유지되었다. 같은 quick_gelu + tie_embeddings=True + ffn_dropout_position=none 설정에서 context_length만 64에서 48로 줄이면, 위치 임베딩 부담과 한 샘플당 문맥 암기 범위가 작아지고 학습/검증 윈도우 수가 늘어 seed=134의 train_val_improvement_gap과 overfit_score가 완화될 수 있다.","{""context_length"": 48}",134,600,48,,8,2.0,20,40,0.0003,0.01,1.0,128,4,2,0.1,False,4,False,1e-05,quick_gelu,none,manual,True,0.02,5.728558659553528,5.724607149759929,-0.0039515097935991506,-0.0010497172673540334,-0.0010497172673540334,0.0,generalizing,478976,14695.420621576694,1.0125603331252933,mps,docs/train/runs/run_021_artifacts
22,2026-06-02T20:43:20+00:00,"context_length=48 seed 재현성 검증: run 021은 seed=134에서 context_length를 64에서 48로 줄이자 final_val_loss와 overfit_score가 크게 개선되어 새 best가 되었다. 같은 quick_gelu + tie_embeddings=True + ffn_dropout_position=none + context_length=48 설정을 seed=151로 반복하면, 이 개선이 seed=134의 우연인지 아니면 현재 데이터 규모에서 더 짧은 문맥이 일반적으로 유리한지 확인할 수 있다.","{""seed"": 151}",151,600,48,,8,2.0,20,40,0.0003,0.01,1.0,128,4,2,0.1,False,4,False,1e-05,quick_gelu,none,manual,True,0.02,5.733633399009705,5.738766193389893,0.005132794380187988,0.0032844940821332713,0.0032844940821332713,0.011701782544454531,generalizing,478976,21195.674131826632,0.7020300419535488,mps,docs/train/runs/run_022_artifacts
23,2026-06-02T20:48:27+00:00,"context_length=48 어려운 seed 강건성 검증: seed=202는 context_length=64 계열에서 overfit_risk와 validation 악화를 반복했다. 같은 quick_gelu + tie_embeddings=True + ffn_dropout_position=none + context_length=48 설정을 seed=202로 실행하면, 짧은 문맥이 seed=134/151뿐 아니라 어려운 seed에서도 train_val_improvement_gap과 overfit_score를 안정화하는지 확인할 수 있다.","{""seed"": 202}",202,600,48,,8,2.0,20,40,0.0003,0.01,1.0,128,4,2,0.1,False,4,False,1e-05,quick_gelu,none,manual,True,0.02,5.712400913238525,5.7503306070963545,0.03792969385782907,0.047526796658834414,0.047526796658834414,0.1329832871754979,generalizing,478976,25124.18043744355,0.5922581250779331,mps,docs/train/runs/run_023_artifacts
24,2026-06-02T20:53:27+00:00,"attention_impl=sdpa 구현 교체 단일축 테스트: context_length=48은 seed=134/151/202에서 모두 기존 64보다 좋은 일반화 신호를 만들었다. 이 설정을 고정하고 attention_impl만 manual에서 sdpa로 바꾸면, Transformer 구조 의미를 유지하면서 MPS에서 처리량을 개선하거나 최소한 같은 validation/overfit 품질을 유지할 수 있는지 확인할 수 있다.","{""attention_impl"": ""sdpa""}",134,600,48,,8,2.0,20,40,0.0003,0.01,1.0,128,4,2,0.1,False,4,False,1e-05,quick_gelu,none,sdpa,True,0.02,5.728558659553528,5.724607149759929,-0.0039515097935991506,-0.0010500748952226857,-0.0010500748952226857,0.0,generalizing,478976,16421.287693074628,0.9061408750712872,mps,docs/train/runs/run_024_artifacts
25,2026-06-02T20:59:44+00:00,"context_length=48 + sdpa 기준의 activation 단일축 재비교: quick_gelu가 현재 best 계열이지만, sdpa와 짧은 문맥으로 학습 조건이 안정화된 상태에서도 gelu_exact가 validation loss와 overfit_score에서 계속 뒤처지는지 확인한다.","{""activation_name"": ""gelu_exact""}",134,600,48,,8,2.0,20,40,0.0003,0.01,1.0,128,4,2,0.1,False,4,False,1e-05,gelu_exact,none,sdpa,True,0.02,5.728741645812988,5.724879423777263,-0.0038622220357256154,-0.0009744962056474904,-0.0009744962056474904,0.0,generalizing,478976,22633.882407576573,0.6574214592110366,mps,docs/train/runs/run_025_artifacts
26,2026-06-02T21:03:27+00:00,"context_length=48 + sdpa 기준의 activation 계열 확장 테스트: quick_gelu와 gelu_exact가 거의 같은 low-overfit 결과를 냈지만 quick_gelu가 아직 best에 가깝다. 같은 구조와 parameter_count를 유지한 채 activation_name만 silu로 바꾸면, 더 부드러운 비단조 계열이 작은 데이터에서 train/val 균형을 개선하거나 최소한 과적합 없이 경쟁 가능한지 확인할 수 있다.","{""activation_name"": ""silu""}",134,600,48,,8,2.0,20,40,0.0003,0.01,1.0,128,4,2,0.1,False,4,False,1e-05,silu,none,sdpa,True,0.02,5.729202747344971,5.726201057434082,-0.003001689910888672,-0.0001957019170122365,-0.0001957019170122365,0.0,generalizing,478976,21713.692629495356,0.685281875077635,mps,docs/train/runs/run_026_artifacts
27,2026-06-02T21:08:34+00:00,"context_length=48 + sdpa 기준의 gated FFN 단일축 테스트: quick_gelu, gelu_exact, silu는 모두 low-overfit였지만 best를 갱신하지 못했고, silu는 validation이 약간 밀렸다. activation_name만 swiglu로 바꾸면 gated FFN의 value-gate 상호작용이 작은 문맥 조건에서 표현력을 높여 validation loss를 낮출 수 있는지, 그리고 추가 parameter_count가 과적합으로 이어지는지 확인할 수 있다.","{""activation_name"": ""swiglu""}",134,600,48,,8,2.0,20,40,0.0003,0.01,1.0,128,4,2,0.1,False,4,False,1e-05,swiglu,none,sdpa,True,0.02,5.764282464981079,5.748608907063802,-0.015673557917277314,0.006435712178547881,0.006435712178547881,0.012871424357095762,generalizing,611072,17647.33002537187,0.8431870418135077,mps,docs/train/runs/run_027_artifacts
28,2026-06-02T21:13:44+00:00,"best 계열로 복귀한 context_length 로컬 서치: run 021/024의 핵심 개선은 activation보다 context_length=48에서 발생했고, 이후 gelu_exact/silu/swiglu는 best를 갱신하지 못했다. quick_gelu + sdpa + tie_embeddings=True + ffn_dropout_position=none을 유지하고 context_length만 48에서 40으로 더 줄이면, 작은 데이터에서 위치 임베딩 부담과 문맥 암기 범위를 더 낮춰 validation loss와 overfit_score가 추가 개선될 수 있는지 확인한다.","{""activation_name"": ""quick_gelu"", ""attention_impl"": ""sdpa"", ""context_length"": 40}",134,600,40,,8,1.666667,24,40,0.0003,0.01,1.0,128,4,2,0.1,False,4,False,1e-05,quick_gelu,none,sdpa,True,0.02,5.746422529220581,5.794515291849772,0.04809276262919138,0.06400891145070453,0.06400891145070453,0.17611058553060044,overfit_risk,477952,11758.42887947156,1.0681699169799685,mps,docs/train/runs/run_028_artifacts
29,2026-06-02T21:18:28+00:00,"context_length 경계 확인 실험: context_length=40은 overfit_risk와 validation 악화를 만들었고, context_length=48은 현재 best이다. quick_gelu + sdpa + tie_embeddings=True + ffn_dropout_position=none을 유지한 채 context_length만 56으로 늘리면, 48보다 조금 더 긴 문맥이 정보량을 보강하면서도 64-token 계열의 과적합 위험으로 돌아가지 않는지 확인할 수 있다.","{""context_length"": 56}",134,600,56,,8,2.352941,17,40,0.0003,0.01,1.0,128,4,2,0.1,False,4,False,1e-05,quick_gelu,none,sdpa,True,0.02,5.6842135190963745,5.736375331878662,0.0521618127822876,0.052133917808532715,0.052133917808532715,0.15642964839935303,overfit_risk,480000,13566.391242370002,1.2961442498490214,mps,docs/train/runs/run_029_artifacts
30,2026-06-02T21:23:32+00:00,"context_length=48 기준의 학습 길이 단일축 테스트: context_length 40과 56은 모두 overfit_risk였고, activation/gated FFN 교체도 best를 넘지 못했다. 따라서 quick_gelu + sdpa + context_length=48을 고정하고 max_steps만 40에서 60으로 늘리면, 현재 낮은 overfit_score를 유지하면서 train/val loss를 더 낮출 수 있는지 확인한다.","{""effective_max_steps"": ""60"", ""epochs"": ""3.0""}",134,600,48,,8,3.0,20,60,0.0003,0.01,1.0,128,4,2,0.1,False,4,False,1e-05,quick_gelu,none,sdpa,True,0.02,5.567537546157837,5.588832537333171,0.021294991175333955,0.02419642607371042,0.02419642607371042,0.0696878433227548,generalizing,478976,25824.554504251562,0.8642937091644853,mps,docs/train/runs/run_030_artifacts
31,2026-06-02T21:28:28+00:00,"max_steps=60 seed 재현성 검증: run 030은 context_length=48 + quick_gelu + sdpa 기준에서 max_steps를 60으로 늘리자 validation loss가 크게 개선되고 generalizing을 유지했다. 같은 설정을 seed=151로 반복하면, 이 개선이 seed=134의 우연인지 아니면 학습 길이 증가가 안정적으로 유효한지 확인할 수 있다.","{""seed"": 151}",151,600,48,,8,3.0,20,60,0.0003,0.01,1.0,128,4,2,0.1,False,4,False,1e-05,quick_gelu,none,sdpa,True,0.02,5.559990763664246,5.595870176951091,0.035879413286845185,0.03403111298879047,0.03403111298879047,0.10394163926442612,generalizing,478976,26029.722435830558,0.857481291051954,mps,docs/train/runs/run_031_artifacts
32,2026-06-02T21:33:28+00:00,"max_steps=60 어려운 seed 강건성 검증: seed=134와 seed=151에서 context_length=48 + quick_gelu + sdpa + max_steps=60은 validation loss를 크게 낮추며 generalizing을 유지했다. 같은 설정을 seed=202로 반복하면, 이전에 더 불안정했던 seed에서도 학습 길이 증가가 validation 성능을 개선하면서 과적합을 감당할 수 있는지 확인한다.","{""seed"": 202}",202,600,48,,8,3.0,20,60,0.0003,0.01,1.0,128,4,2,0.1,False,4,False,1e-05,quick_gelu,none,sdpa,True,0.02,5.597493886947632,5.601549784342448,0.004055897394816377,0.013653000195821718,0.013653000195821718,0.031361897786459814,generalizing,478976,27717.05300366417,0.8052804169710726,mps,docs/train/runs/run_032_artifacts
33,2026-06-02T21:38:23+00:00,"max_steps=80 학습 한계 테스트: context_length=48 + quick_gelu + sdpa 기준에서 max_steps=60은 seed=134/151/202 모두 validation을 크게 개선하며 generalizing을 유지했다. seed=202에서 max_steps만 80으로 늘리면, 더 긴 학습이 validation loss를 추가로 낮출 수 있는지 또는 과적합 신호가 급격히 커지는지 확인할 수 있다.","{""effective_max_steps"": ""80"", ""epochs"": ""4.0""}",202,600,48,,8,4.0,20,80,0.0003,0.01,1.0,128,4,2,0.1,False,4,False,1e-05,quick_gelu,none,sdpa,True,0.02,5.542914152145386,5.553315162658691,0.010401010513305664,0.019998113314311006,0.019998113314311006,0.050397237141927675,generalizing,478976,28982.62558597752,1.0268220838624984,mps,docs/train/runs/run_033_artifacts
34,2026-06-02T21:44:01+00:00,"max_steps=80 seed=134 재현성 검증: run 033에서 seed=202는 max_steps=80으로 validation loss를 5.553315까지 낮추면서 gap=0.010401, overfit_score=0.050397의 generalizing 상태를 유지했다. 같은 context_length=48 + quick_gelu + sdpa 기준에서 seed만 134로 바꾸면, 80-step 이득이 특정 seed의 우연인지 아니면 현재 best 계열의 안정적인 학습 길이 효과인지 확인할 수 있다.","{""seed"": 134}",134,600,48,,8,4.0,20,80,0.0003,0.01,1.0,128,4,2,0.1,False,4,False,1e-05,quick_gelu,none,sdpa,True,0.02,5.507128357887268,5.554664134979248,0.04753577709197998,0.050437211990356445,0.050437211990356445,0.14841020107269287,overfit_risk,478976,30653.95226521722,0.9708372917957604,mps,docs/train/runs/run_034_artifacts
35,2026-06-02T21:48:30+00:00,"max_steps=80 seed=134 과적합 완화 단일축 테스트: run 034는 seed=134에서 validation loss를 5.554664까지 낮췄지만 final_generalization_gap=0.047536, overfit_score=0.148410으로 overfit_risk가 되었다. 같은 80-step 설정에서 weight_decay만 0.01에서 0.02로 올리면, train loss 과도 개선을 억제해 validation 성능을 유지하면서 gap과 overfit_score를 낮출 수 있는지 확인한다.","{""weight_decay"": 0.02}",134,600,48,,8,4.0,20,80,0.0003,0.02,1.0,128,4,2,0.1,False,4,False,1e-05,quick_gelu,none,sdpa,True,0.02,5.507203578948975,5.554707686106364,0.04750410715738962,0.050405542055766084,0.050405542055766084,0.1483151912689218,overfit_risk,478976,29799.47438419806,0.9986753328703344,mps,docs/train/runs/run_035_artifacts
36,2026-06-02T21:53:32+00:00,"max_steps=80 seed=134 learning_rate 완화 단일축 테스트: run 034와 run 035는 validation loss가 5.55대까지 내려갔지만 train loss가 빠르게 낮아지며 gap≈0.0475, overfit_score≈0.148의 overfit_risk를 반복했다. weight_decay=0.02는 거의 효과가 없었으므로, 이번에는 weight_decay를 0.01로 되돌리고 learning_rate만 0.0003에서 0.00025로 낮춰 긴 학습의 train 편향을 완화할 수 있는지 확인한다.","{""learning_rate"": 0.00025}",134,600,48,,8,4.0,20,80,0.00025,0.01,1.0,128,4,2,0.1,False,4,False,1e-05,quick_gelu,none,sdpa,True,0.02,5.542137503623962,5.575037797292073,0.03290029366811087,0.035801728566487334,0.035801728566487334,0.10450375080108554,generalizing,478976,28571.483429499123,1.0415980000980198,mps,docs/train/runs/run_036_artifacts
37,2026-06-02T21:58:48+00:00,"max_steps=80 seed=134 learning_rate 중간값 균형 테스트: run 034는 learning_rate=0.0003에서 final_val_loss=5.554664로 강했지만 overfit_risk였고, run 036은 learning_rate=0.00025에서 generalizing으로 회복했지만 final_val_loss가 5.575038로 악화되었다. 같은 설정에서 learning_rate만 0.000275로 두면, 0.0003의 validation 성능을 일부 유지하면서 0.00025가 보여준 gap/overfit_score 완화 효과를 얻을 수 있는지 확인한다.","{""learning_rate"": 0.000275}",134,600,48,,8,4.0,20,80,0.000275,0.01,1.0,128,4,2,0.1,False,4,False,1e-05,quick_gelu,none,sdpa,True,0.02,5.524239540100098,5.5632913907368975,0.039051850636799834,0.0419532855351763,0.0419532855351763,0.12295842170715243,generalizing,478976,33540.6598385011,0.8872812921181321,mps,docs/train/runs/run_037_artifacts
38,2026-06-02T22:03:35+00:00,"learning_rate=0.000275 seed=202 강건성 검증: seed=134에서는 learning_rate=0.000275가 0.0003의 과적합 위험과 0.00025의 validation 손실 사이에서 중간 균형을 만들었다. 같은 max_steps=80 + context_length=48 + quick_gelu + sdpa 기준을 seed=202에 적용하면, best run033의 낮은 validation loss를 유지하면서 generalization gap과 overfit_score를 더 낮추거나 안정화할 수 있는지 확인한다.","{""seed"": 202}",202,600,48,,8,4.0,20,80,0.000275,0.01,1.0,128,4,2,0.1,False,4,False,1e-05,quick_gelu,none,sdpa,True,0.02,5.5601924657821655,5.563548405965169,0.0033559401830034474,0.012953042984008789,0.012953042984008789,0.029262026151021026,generalizing,478976,30799.587437624352,0.9662467089947313,mps,docs/train/runs/run_038_artifacts
39,2026-06-02T22:08:33+00:00,"learning_rate=0.000275 seed=151 평균 후보 검증: seed=134와 seed=202에서 learning_rate=0.000275는 max_steps=80 조건의 과적합 위험을 줄이면서 generalizing을 유지했다. 같은 설정을 seed=151에 반복하면, 0.000275가 특정 seed 보정이 아니라 세 seed 평균에서 안정적인 learning_rate 후보인지 판단할 수 있다.","{""seed"": 151}",151,600,48,,8,4.0,20,80,0.000275,0.01,1.0,128,4,2,0.1,False,4,False,1e-05,quick_gelu,none,sdpa,True,0.02,5.537592887878418,5.561801274617513,0.024208386739094756,0.02236008644104004,0.02236008644104004,0.06892855962117483,generalizing,478976,23434.707752632366,1.2699112920090556,mps,docs/train/runs/run_039_artifacts
40,2026-06-02T22:16:56+00:00,"drop_rate=0.12 seed=134 과적합 완화 테스트: run034는 learning_rate=0.0003, max_steps=80에서 validation loss는 5.554664로 강했지만 gap=0.047536, overfit_score=0.148410의 overfit_risk가 되었다. weight_decay=0.02는 거의 효과가 없었고, learning_rate=0.000275는 안정적이지만 validation loss가 약간 밀렸다. 따라서 learning_rate=0.0003의 낮은 validation 후보를 유지한 채 drop_rate만 0.10에서 0.12로 아주 작게 올리면 train 쪽 과도 적합을 줄이면서 low-loss 영역을 보존할 수 있는지 확인한다.","{""drop_rate"": 0.12}",134,600,48,,8,4.0,20,80,0.0003,0.01,1.0,128,4,2,0.12,False,4,False,1e-05,quick_gelu,none,sdpa,True,0.02,5.510094881057739,5.554825623830159,0.04473074277241995,0.047632177670796416,0.047632177670796416,0.13999509811401278,generalizing,478976,28259.000813938168,1.0531157911755145,mps,docs/train/runs/run_040_artifacts
41,2026-06-02T22:19:01+00:00,"max_steps=70 seed=134 학습 길이 경계 테스트: run030의 max_steps=60은 seed=134에서 generalizing을 유지했지만 final_val_loss=5.588833으로 아직 덜 학습된 신호가 있었고, run034의 max_steps=80은 final_val_loss=5.554664까지 좋아졌지만 gap=0.047536, overfit_score=0.148410의 overfit_risk가 되었다. run040의 drop_rate=0.12는 validation을 거의 유지하며 status를 generalizing으로 되돌렸지만 gap과 overfit_score 감소폭은 작았다. 따라서 dropout을 더 건드리기 전에 max_steps만 70으로 줄이면, 80-step의 낮은 validation 이득을 상당 부분 유지하면서 seed=134의 과적합 신호를 줄일 수 있는지 확인한다.","{""effective_max_steps"": ""70"", ""epochs"": ""3.5""}",134,600,48,,8,3.5,20,70,0.0003,0.01,1.0,128,4,2,0.1,False,4,False,1e-05,quick_gelu,none,sdpa,True,0.02,5.533980846405029,5.569135665893555,0.03515481948852539,0.038056254386901855,0.038056254386901855,0.1112673282623291,generalizing,478976,27815.8522026886,0.940470915986225,mps,docs/train/runs/run_041_artifacts
42,2026-06-02T22:24:10+00:00,"learning_rate=0.000275 + drop_rate=0.12 seed=134 결합 테스트: run037은 learning_rate=0.000275에서 run034의 overfit_risk를 피하며 final_val_loss=5.563291, gap=0.039052, overfit_score=0.122958을 만들었고, run040은 learning_rate=0.0003에서 drop_rate=0.12를 적용해 validation을 거의 유지했지만 overfit_score 감소폭은 작았다. 따라서 안정 learning rate 계열인 0.000275 위에서 drop_rate만 0.10에서 0.12로 올리면, validation 손실을 크게 늘리지 않으면서 overfit_score를 0.10 이하로 낮출 수 있는지 확인한다.","{""drop_rate"": 0.12}",134,600,48,,8,4.0,20,80,0.000275,0.01,1.0,128,4,2,0.12,False,4,False,1e-05,quick_gelu,none,sdpa,True,0.02,5.526726603507996,5.563780466715495,0.03705386320749948,0.03995529810587595,0.03995529810587595,0.11696445941925138,generalizing,478976,31011.98080162986,0.9596291249617934,mps,docs/train/runs/run_042_artifacts
43,2026-06-02T22:29:08+00:00,"learning_rate=0.0003 max_steps=80 seed=151 평균 후보 보완 테스트: run033은 seed=202에서 final_val_loss=5.553315, gap=0.010401, overfit_score=0.050397로 현재 best를 만들었고, run034는 seed=134에서 비슷한 validation loss를 얻었지만 overfit_risk가 되었다. seed=151은 아직 learning_rate=0.0003, max_steps=80 조합으로 직접 확인하지 않았다. 같은 설정을 seed=151에 적용하면 0.0003/80-step 계열이 평균적으로 낮은 validation을 만드는지, 아니면 seed에 따라 과적합 위험이 너무 큰지 판단할 수 있다.","{""drop_rate"": 0.1, ""learning_rate"": 0.0003, ""seed"": 151}",151,600,48,,8,4.0,20,80,0.0003,0.01,1.0,128,4,2,0.1,False,4,False,1e-05,quick_gelu,none,sdpa,True,0.02,5.519646525382996,5.553295294443767,0.03364876906077097,0.03180046876271625,0.03180046876271625,0.09724970658620347,generalizing,478976,30639.392699826676,0.9712986249942333,mps,docs/train/runs/run_043_artifacts
44,2026-06-02T22:34:06+00:00,"gelu_exact activation 단일축 재검증: run043에서 learning_rate=0.0003, max_steps=80, seed=151은 final_val_loss=5.553295로 run033과 거의 같은 최상위 validation을 만들었지만 gap=0.033649, overfit_score=0.097250으로 low-risk까지는 내려가지 않았다. 같은 학습 조건에서 activation_name만 quick_gelu에서 gelu_exact로 바꾸면, GELU 근사 대신 정확한 GELU 곡선이 train 쪽 과도한 sharpness를 조금 줄여 validation과 overfit_score 균형을 개선할 수 있는지 확인한다.","{""activation_name"": ""gelu_exact""}",151,600,48,,8,4.0,20,80,0.0003,0.01,1.0,128,4,2,0.1,False,4,False,1e-05,gelu_exact,none,sdpa,True,0.02,5.519706606864929,5.553210894266765,0.03350428740183542,0.0316622257232666,0.0316622257232666,0.09682873884836862,generalizing,478976,29798.967098162433,0.9986923339311033,mps,docs/train/runs/run_044_artifacts
45,2026-06-02T22:39:47+00:00,"best seed=202에서 gelu_exact activation 단일축 검증: run044에서 seed=151은 quick_gelu 대비 gelu_exact가 final_val_loss와 overfit_score를 아주 작게 개선했다. 현재 best인 run033은 seed=202, learning_rate=0.0003, max_steps=80, quick_gelu 조건에서 final_val_loss=5.553315, gap=0.010401, overfit_score=0.050397을 만들었다. 같은 best 조건에서 activation_name만 gelu_exact로 바꾸면, seed=151에서 보인 미세한 개선이 seed=202에서도 재현되어 best 후보를 갱신할 수 있는지 확인한다.","{""activation_name"": ""gelu_exact""}",202,600,48,,8,4.0,20,80,0.0003,0.01,1.0,128,4,2,0.1,False,4,False,1e-05,gelu_exact,none,sdpa,True,0.02,5.542949199676514,5.553322792053223,0.010373592376708984,0.019944826761881806,0.019944826761881806,0.0502632459004726,generalizing,478976,30475.25162654971,0.9765300829894841,mps,docs/train/runs/run_045_artifacts
46,2026-06-02T22:44:13+00:00,"seed=134 과적합 구간에서 gelu_exact activation 단일축 검증: run034는 learning_rate=0.0003, max_steps=80, seed=134, quick_gelu 조건에서 final_val_loss=5.554664까지 낮아졌지만 gap=0.047536, overfit_score=0.148410으로 overfit_risk가 되었다. 반면 run044(seed=151)와 run045(seed=202)에서는 같은 저손실 계열에서 gelu_exact가 quick_gelu 대비 validation 또는 overfit_score를 아주 작게 개선했다. 따라서 run034와 동일한 seed=134 조건에서 activation_name만 gelu_exact로 바꾸면 낮은 validation은 유지하면서 train 쪽 과도 적합 신호를 줄일 수 있는지 확인한다.","{""activation_name"": ""gelu_exact""}",134,600,48,,8,4.0,20,80,0.0003,0.01,1.0,128,4,2,0.1,False,4,False,1e-05,gelu_exact,none,sdpa,True,0.02,5.50708544254303,5.554612954457601,0.04752751191457083,0.050415237744648955,0.050415237744648955,0.14835798740386874,overfit_risk,478976,31250.53190244882,0.9523037909530103,mps,docs/train/runs/run_046_artifacts
47,2026-06-02T22:49:08+00:00,"seed=134 저손실 과적합 구간에서 FFN dropout 위치 단일축 검증: run034와 run046은 learning_rate=0.0003, max_steps=80, seed=134 조건에서 final_val_loss를 5.55대까지 낮췄지만 gap≈0.0475, overfit_score≈0.148의 overfit_risk를 반복했다. weight_decay 증가와 gelu_exact 교체는 거의 효과가 없었고, drop_rate=0.12는 약하게만 완화했다. 따라서 기존 구조 순서는 유지한 채 ffn_dropout_position만 none에서 after_activation으로 바꾸면, FFN hidden activation 직후에 regularization이 걸려 train 쪽 과도 적합을 줄이면서 낮은 validation loss를 유지할 수 있는지 확인한다.","{""ffn_dropout_position"": ""after_activation""}",134,600,48,,8,4.0,20,80,0.0003,0.01,1.0,128,4,2,0.1,False,4,False,1e-05,quick_gelu,after_activation,sdpa,True,0.02,5.507611155509949,5.55439821879069,0.04678706328074167,0.049688498179118135,0.049688498179118135,0.14616405963897794,generalizing,478976,31249.937131050952,0.9523219158872962,mps,docs/train/runs/run_047_artifacts
48,2026-06-02T22:54:19+00:00,"learning_rate=0.000275 안정화 계열에서 FFN dropout 위치 결합 검증: run037은 seed=134에서 learning_rate를 0.000275로 낮추자 run034의 overfit_risk를 generalizing으로 되돌렸지만 gap=0.039052, overfit_score=0.122958로 아직 medium-risk에 가까웠다. run047은 높은 learning_rate=0.0003 조건에서 ffn_dropout_position=after_activation이 validation을 유지하며 overfit_score를 0.148에서 0.146으로 아주 작게 낮췄다. 따라서 run037과 같은 안정 learning_rate 조건에서 ffn_dropout_position만 after_activation으로 바꾸면, validation 손실을 크게 늘리지 않고 gap과 overfit_score를 더 낮출 수 있는지 확인한다.","{""ffn_dropout_position"": ""after_activation""}",134,600,48,,8,4.0,20,80,0.000275,0.01,1.0,128,4,2,0.1,False,4,False,1e-05,quick_gelu,after_activation,sdpa,True,0.02,5.52458393573761,5.563193480173747,0.03860954443613718,0.04151097933451364,0.04151097933451364,0.12163150310516446,generalizing,478976,28571.335994555273,1.0416033749934286,mps,docs/train/runs/run_048_artifacts
49,2026-06-02T22:59:05+00:00,"learning_rate=0.000275 + drop_rate=0.12 안정 조합에서 norm_eps=1e-4 단일축 검증: run042는 seed=134에서 learning_rate=0.000275와 drop_rate=0.12를 결합해 final_val_loss=5.563780, gap=0.037054, overfit_score=0.116964로 run037보다 과적합 신호를 낮췄다. run048의 ffn_dropout_position=after_activation은 validation은 약간 좋았지만 overfit_score가 0.121632로 run042보다 높았다. 따라서 run042 조건을 기준으로 norm_eps만 1e-5에서 1e-4로 키우면 LayerNorm 분모 안정화가 train 쪽 sharp fitting을 조금 완화해 validation을 유지하면서 gap과 overfit_score를 더 낮출 수 있는지 확인한다.","{""norm_eps"": 0.0001}",134,600,48,,8,4.0,20,80,0.000275,0.01,1.0,128,4,2,0.12,False,4,False,0.0001,quick_gelu,none,sdpa,True,0.02,5.526736855506897,5.5637868245442705,0.037049969037373565,0.03994405269622803,0.03994405269622803,0.11693807442982962,generalizing,478976,29283.706601207632,1.0162647920660675,mps,docs/train/runs/run_049_artifacts
50,2026-06-02T23:05:16+00:00,"현재 best run45 위에서 drop_rate=0.12 단일축 검증: run45는 seed=202, learning_rate=0.0003, max_steps=80, gelu_exact 조건에서 final_val_loss=5.553323, gap=0.010374, overfit_score=0.050263으로 현재 best다. 최근 seed=134 실험들은 drop_rate=0.12가 validation을 크게 해치지 않으면서 overfit_score를 아주 약하게 낮추는 경향을 보였다. 따라서 run45와 동일한 조건에서 drop_rate만 0.10에서 0.12로 올리면 낮은 validation을 유지하면서 gap과 overfit_score를 더 낮춰 best 후보를 갱신할 수 있는지 확인한다.","{""drop_rate"": 0.12}",202,600,48,,8,4.0,20,80,0.0003,0.01,1.0,128,4,2,0.12,False,4,False,1e-05,gelu_exact,none,sdpa,True,0.02,5.54661238193512,5.553958892822266,0.007346510887145996,0.016917745272318818,0.016917745272318818,0.04118200143178363,generalizing,478976,28164.19446572996,1.0566607909277081,mps,docs/train/runs/run_050_artifacts
51,2026-06-02T23:09:04+00:00,"새 best run50 조합의 seed=151 재현성 검증: run50은 seed=202, learning_rate=0.0003, max_steps=80, gelu_exact, drop_rate=0.12 조건에서 final_val_loss=5.553959, gap=0.007347, overfit_score=0.041182로 새 best가 되었다. 같은 seed=151 계열의 run44는 gelu_exact와 drop_rate=0.10에서 final_val_loss=5.553211로 validation은 아주 좋았지만 gap=0.033504, overfit_score=0.096829로 low-risk까지는 아니었다. 따라서 run50과 동일한 저손실 조합에서 seed만 151로 바꾸면, drop_rate=0.12가 seed=202 특이 개선이 아니라 seed=151에서도 validation을 유지하면서 gap과 overfit_score를 낮추는지 확인할 수 있다.","{""seed"": 151}",151,600,48,,8,4.0,20,80,0.0003,0.01,1.0,128,4,2,0.12,False,4,False,1e-05,gelu_exact,none,sdpa,True,0.02,5.523468613624573,5.553611596425374,0.0301429828008013,0.02830092112223248,0.02830092112223248,0.08674482504526626,generalizing,478976,29790.41848924759,0.9989789170213044,mps,docs/train/runs/run_051_artifacts
52,2026-06-02T23:14:00+00:00,"seed=134 저손실 과적합 구간에서 gelu_exact + drop_rate=0.12 결합 검증: run046은 seed=134, learning_rate=0.0003, max_steps=80, gelu_exact, drop_rate=0.10 조건에서 final_val_loss=5.554613으로 저손실을 유지했지만 gap=0.047528, overfit_score=0.148358로 overfit_risk였다. run050과 run051은 같은 gelu_exact 저손실 계열에서 drop_rate=0.12가 seed=202와 seed=151의 overfit_score를 낮추는 방향을 보였다. 따라서 run046과 동일한 seed=134 조건에서 drop_rate만 0.12로 올리면, 어려운 seed에서도 validation을 유지하면서 gap과 overfit_score를 낮춰 이 조합을 세 seed 평균 후보로 승격할 수 있는지 확인한다.","{""drop_rate"": 0.12}",134,600,48,,8,4.0,20,80,0.0003,0.01,1.0,128,4,2,0.12,False,4,False,1e-05,gelu_exact,none,sdpa,True,0.02,5.510072708129883,5.554793834686279,0.044721126556396484,0.04760885238647461,0.04760885238647461,0.1399388313293457,generalizing,478976,28960.588819073047,1.0276034160051495,mps,docs/train/runs/run_052_artifacts
53,2026-06-02T23:19:05+00:00,"seed=134 gelu_exact + drop_rate=0.12 조건에서 learning_rate=0.000275 안정화 검증: run052는 seed=134, gelu_exact, drop_rate=0.12, learning_rate=0.0003, max_steps=80 조건에서 final_val_loss=5.554794로 저손실을 유지했지만 gap=0.044721, overfit_score=0.139939로 여전히 train 편향이 컸다. run037/run042는 learning_rate=0.000275가 seed134의 과적합 신호를 낮추는 가장 일관된 축임을 보여줬다. 따라서 run052와 동일한 함수/regularization 조합에서 learning_rate만 0.000275로 낮추면 validation 손실을 크게 늘리지 않으면서 gap과 overfit_score를 안정적으로 낮출 수 있는지 확인한다.","{""learning_rate"": 0.000275}",134,600,48,,8,4.0,20,80,0.000275,0.01,1.0,128,4,2,0.12,False,4,False,1e-05,gelu_exact,none,sdpa,True,0.02,5.526697516441345,5.563757101694743,0.03705958525339792,0.039947311083476045,0.039947311083476045,0.11695420742035001,generalizing,478976,29261.27570577581,1.0170438329223543,mps,docs/train/runs/run_053_artifacts
54,2026-06-02T23:24:18+00:00,"seed=151에서 learning_rate=0.000275 + drop_rate=0.12 + gelu_exact 안정 후보 검증: run051은 seed=151, learning_rate=0.0003, drop_rate=0.12, gelu_exact 조건에서 final_val_loss=5.553612로 저손실을 유지했지만 gap=0.030143, overfit_score=0.086745로 medium risk였다. run053은 seed=134에서 learning_rate=0.000275가 validation을 일부 희생하더라도 gap과 overfit_score를 안정화한다는 것을 보였다. 따라서 seed=151에서도 run051과 동일한 함수/regularization 조합에서 learning_rate만 0.000275로 낮추면, validation 손실을 크게 키우지 않으면서 overfit_score를 더 낮춰 안정 평균 후보가 될 수 있는지 확인한다.","{""learning_rate"": 0.000275}",151,600,48,,8,4.0,20,80,0.000275,0.01,1.0,128,4,2,0.12,False,4,False,1e-05,gelu_exact,none,sdpa,True,0.02,5.540651798248291,5.562357584635417,0.021705786387125947,0.01986372470855713,0.01986372470855713,0.061433235804240205,generalizing,478976,28087.99979138207,1.059527208097279,mps,docs/train/runs/run_054_artifacts
55,2026-06-02T23:29:48+00:00,"seed=202에서 learning_rate=0.000275 + drop_rate=0.12 + gelu_exact 안정 경로 검증: run050은 seed=202, learning_rate=0.0003, drop_rate=0.12, gelu_exact 조건에서 현재 best(final_val_loss=5.553959, gap=0.007347, overfit_score=0.041182)를 만들었다. run053/run054는 seed134/151에서 learning_rate=0.000275가 validation을 일부 희생하더라도 gap과 overfit_score를 낮춰 안정화한다는 것을 보였다. 따라서 run050과 동일한 함수/regularization 조합에서 learning_rate만 0.000275로 낮추면, seed202에서도 validation 손실 증가를 작게 유지하면서 overfit_score를 더 낮춰 안정 경로의 세 seed 평균 비교를 완성할 수 있는지 확인한다.","{""learning_rate"": 0.000275}",202,600,48,,8,4.0,20,80,0.000275,0.01,1.0,128,4,2,0.12,False,4,False,1e-05,gelu_exact,none,sdpa,True,0.02,5.562682151794434,5.564117431640625,0.0014352798461914062,0.011006514231364228,0.011006514231364228,0.023448308308919863,generalizing,478976,29536.861328979998,1.0075545830186456,mps,docs/train/runs/run_055_artifacts
56,2026-06-02T23:34:19+00:00,"seed=134 저손실 경로에서 stride=24 데이터 window 축 검증: run050/run051/run052의 learning_rate=0.0003 + drop_rate=0.12 + gelu_exact 저손실 경로는 세 seed 평균 validation이 안정 경로보다 좋았지만, seed=134 run052는 gap=0.044721, overfit_score=0.139939로 train 편향이 여전히 컸다. 반대로 learning_rate=0.000275 안정 경로는 overfit_score를 낮췄지만 validation을 약 0.009 올렸다. 따라서 run052와 동일한 모델/함수/학습률 조건에서 stride만 null에서 24로 줄여 overlapping training windows를 늘리면, 구조를 바꾸지 않고 데이터 노출 다양성을 늘려 validation 손실을 유지하면서 seed134의 gap과 overfit_score를 낮출 수 있는지 확인한다.","{""stride"": 24}",134,600,48,24,8,2.051282,39,80,0.0003,0.01,1.0,128,4,2,0.12,False,4,False,1e-05,gelu_exact,none,sdpa,True,0.02,5.573354721069336,5.557267347971599,-0.016087373097737334,-0.028792341550190947,-0.028792341550190947,0.0,generalizing,478976,22996.024087294878,1.3275338329840451,mps,docs/train/runs/run_056_artifacts
57,2026-06-02T23:43:38+00:00,"seed=151 저손실 경로에서 stride=24 재현성 검증: run056은 seed=134에서 stride를 null에서 24로 줄이자 final_val_loss=5.557267로 저손실 범위를 유지하면서 gap=-0.016087, overfit_score=0.0까지 낮춰 overfit-aware best가 되었다. run051은 seed=151, learning_rate=0.0003, drop_rate=0.12, gelu_exact 조건에서 final_val_loss=5.553612로 pure validation은 뛰어났지만 gap=0.030143, overfit_score=0.086745로 아직 train 편향이 남아 있었다. 따라서 run051과 동일한 모델/함수/학습 조건에서 stride만 24로 줄이면, seed151에서도 validation을 크게 잃지 않으면서 gap과 overfit_score를 낮춰 stride=24가 seed134 특이 효과가 아니라 평균적으로 유효한 데이터 window 축인지 확인할 수 있다.","{""stride"": 24}",151,600,48,24,8,2.051282,39,80,0.0003,0.01,1.0,128,4,2,0.12,False,4,False,1e-05,gelu_exact,none,sdpa,True,0.02,5.574132084846497,5.555843353271484,-0.018288731575012207,-0.02496091524759958,-0.02496091524759958,0.0,generalizing,478976,29451.594522594547,1.0365482920315117,mps,docs/train/runs/run_057_artifacts
58,2026-06-02T23:49:25+00:00,"seed=202 저손실 경로에서 stride=24 세 번째 seed 검증: run056(seed134)과 run057(seed151)은 learning_rate=0.0003, drop_rate=0.12, gelu_exact 조건에서 stride를 24로 줄였을 때 validation 손실을 저손실 범위에 유지하면서 final_generalization_gap을 음수로 만들고 overfit_score를 0.0까지 낮췄다. run050은 seed=202의 기존 stride=null 저손실 best로 final_val_loss=5.553959, gap=0.007347, overfit_score=0.041182를 보였다. 따라서 run050과 동일한 모델/함수/학습 조건에서 stride만 24로 줄이면, seed202에서도 validation을 크게 잃지 않으면서 gap과 overfit_score를 낮춰 stride=24를 세 seed 평균 기본 후보로 승격할 수 있는지 확인한다.","{""stride"": 24}",202,600,48,24,8,2.051282,39,80,0.0003,0.01,1.0,128,4,2,0.12,False,4,False,1e-05,gelu_exact,none,sdpa,True,0.02,5.563153982162476,5.5566205978393555,-0.006533384323120117,-0.005285342534382842,-0.005285342534382842,0.0,generalizing,478976,30616.952440724384,0.9970946670509875,mps,docs/train/runs/run_058_artifacts
59,2026-06-02T23:54:39+00:00,"stride=24 안정 후보 위에서 context_length=64 문맥 확장 검증: run056, run057, run058은 context_length=48, stride=24, learning_rate=0.0003, drop_rate=0.12, gelu_exact 조건에서 세 seed 모두 overfit_score=0.0을 만들었다. 그중 run057(seed151)은 final_val_loss=5.555843, gap=-0.018289로 현재 overfit-aware best다. 따라서 run057을 기준으로 Transformer 구조와 모델 크기는 유지하고 context_length를 48에서 64로 늘리며 stride도 24에서 32로 비례 조정하면, 50% overlap 데이터 window의 안정성은 유지하면서 더 긴 문맥이 validation loss를 더 낮출 수 있는지 확인한다.","{""context_length"": 64, ""stride"": 32}",151,600,64,32,8,2.758621,29,80,0.0003,0.01,1.0,128,4,2,0.12,False,4,False,1e-05,gelu_exact,none,sdpa,True,0.02,5.546812176704407,5.6005859375,0.05377376079559326,0.04318797588348389,0.04318797588348389,0.14014971256256104,generalizing,481024,45086.692992091055,0.9084720409009606,mps,docs/train/runs/run_059_artifacts
60,2026-06-02T23:59:37+00:00,"context_length=64 실패 이후 best window로 복귀한 max_steps=90 단일축 검증: run059는 context_length=64, stride=32가 final_val_loss=5.600586, gap=0.053774, overfit_score=0.140150으로 악화되어 더 긴 문맥이 현재 corpus와 80-step 조건에서 안정적이지 않다는 신호를 줬다. 반면 run056, run057, run058의 context_length=48, stride=24, learning_rate=0.0003, drop_rate=0.12, gelu_exact 계열은 세 seed 모두 overfit_score=0.0을 유지했다. 따라서 현재 overfit-aware best인 run057(seed151) 설정으로 되돌리고 max_steps만 80에서 90으로 늘리면, 안정적인 overlapping window 위에서 추가 optimization이 validation을 더 낮추는지 또는 train-only 개선으로 gap을 다시 키우는지 분리해 확인할 수 있다.","{""effective_max_steps"": ""90"", ""epochs"": ""2.307692""}",151,600,48,24,8,2.307692,39,90,0.0003,0.01,1.0,128,4,2,0.12,False,4,False,1e-05,gelu_exact,none,sdpa,True,0.02,5.56133234500885,5.551509380340576,-0.009822964668273926,-0.0164951483408613,-0.0164951483408613,0.0,generalizing,478976,29923.583564000914,1.1485255409497768,mps,docs/train/runs/run_060_artifacts
61,2026-06-03T00:04:35+00:00,"run060의 max_steps=90 개선이 seed151 특이 효과인지 확인하는 seed202 반복 검증: run060은 context_length=48, stride=24, learning_rate=0.0003, drop_rate=0.12, gelu_exact 조건에서 max_steps를 80에서 90으로 늘리자 final_val_loss=5.551509, gap=-0.009823, overfit_score=0.0으로 새 best가 되었다. 다만 run060은 seed151 한 번의 결과이므로, 같은 구조와 학습 조건에서 seed만 202로 바꾸면 max_steps=90이 안정적인 추가 optimization인지, 또는 seed151에서만 validation이 운 좋게 내려간 것인지 확인할 수 있다.","{""seed"": 202}",202,600,48,24,8,2.307692,39,90,0.0003,0.01,1.0,128,4,2,0.12,False,4,False,1e-05,gelu_exact,none,sdpa,True,0.02,5.549840807914734,5.544761975606282,-0.005078832308451631,-0.0038307905197143555,-0.0038307905197143555,0.0,generalizing,478976,30001.00603831017,1.14556158403866,mps,docs/train/runs/run_061_artifacts
62,2026-06-03T00:09:33+00:00,"max_steps=90 후보의 seed134 stress test: run060(seed151)과 run061(seed202)은 context_length=48, stride=24, learning_rate=0.0003, drop_rate=0.12, gelu_exact, max_steps=90 조건에서 각각 final_val_loss=5.551509와 5.544762를 기록했고 overfit_score=0.0을 유지했다. 하지만 seed134는 이전 run052에서 같은 저손실 계열이 gap=0.044721, overfit_score=0.139939까지 커졌던 가장 까다로운 seed다. 따라서 run061의 구조와 학습 조건을 유지하고 seed만 134로 바꾸면, max_steps=90과 stride=24 조합이 어려운 seed에서도 과적합 없이 validation을 개선하는지 확인할 수 있다.","{""seed"": 134}",134,600,48,24,8,2.307692,39,90,0.0003,0.01,1.0,128,4,2,0.12,False,4,False,1e-05,gelu_exact,none,sdpa,True,0.02,5.552714228630066,5.546862761179606,-0.005851467450459502,-0.018556435902913115,-0.018556435902913115,0.0,generalizing,478976,29116.244709950406,1.1803719999734312,mps,docs/train/runs/run_062_artifacts
63,2026-06-03T00:14:46+00:00,"현재 기본 후보 위에서 activation_name=silu 단일축 함수 교체 검증: run060, run061, run062는 context_length=48, stride=24, learning_rate=0.0003, drop_rate=0.12, gelu_exact, max_steps=90 조건이 seed151/202/134 모두에서 overfit_score=0.0을 유지한다는 것을 보여줬다. 이제 구조나 parameter_count를 바꾸지 않는 activation 교체 축으로 넘어가도 된다. 따라서 현재 best인 run061(seed202)을 기준으로 activation_name만 gelu_exact에서 silu로 바꾸면, SiLU의 부드러운 gating-like 곡선이 안정적인 데이터 window와 90-step 학습 위에서 validation loss를 더 낮추는지 확인할 수 있다.","{""activation_name"": ""silu""}",202,600,48,24,8,2.307692,39,90,0.0003,0.01,1.0,128,4,2,0.12,False,4,False,1e-05,silu,none,sdpa,True,0.02,5.549391746520996,5.544584592183431,-0.0048071543375654,-0.003542621930440859,-0.003542621930440859,0.0,generalizing,478976,23861.57397601543,1.4403073340654373,mps,docs/train/runs/run_063_artifacts
64,2026-06-03T00:20:43+00:00,"silu activation이 seed202에서 gelu_exact 기준선을 아주 작게 앞섰고 overfit_score=0.0을 유지했다. seed134는 이전 고학습률 실험에서 과적합 신호가 강하게 드러났던 stress seed이므로, 같은 안정 조건에서 silu를 반복하면 이 개선이 우연한 seed 효과인지 실제 activation 후보인지 구분할 수 있다.","{""seed"": 134}",134,600,48,24,8,2.307692,39,90,0.0003,0.01,1.0,128,4,2,0.12,False,4,False,1e-05,silu,none,sdpa,True,0.02,5.552300691604614,5.546693166097005,-0.0056075255076093455,-0.01843428611755371,-0.01843428611755371,0.0,generalizing,478976,32573.869288996462,1.0550788331311196,mps,docs/train/runs/run_064_artifacts
65,2026-06-03T00:24:59+00:00,"silu activation 후보의 3-seed 검증을 완성한다. run063(seed202)과 run064(seed134)는 activation_name=silu 조건에서 final_val_loss를 gelu_exact 대응 run보다 아주 작게 낮추면서 overfit_score=0.0을 유지했다. 남은 seed151에서도 같은 조건을 반복하면 silu 개선이 seed202/134에만 국한된 우연인지, 아니면 현재 안정 baseline 위에서 평균적으로 유효한 함수 교체인지 판단할 수 있다.","{""seed"": 151}",151,600,48,24,8,2.307692,39,90,0.0003,0.01,1.0,128,4,2,0.12,False,4,False,1e-05,silu,none,sdpa,True,0.02,5.5607670545578,5.551222006479899,-0.009545048077900908,-0.016201416651407285,-0.016201416651407285,0.0,generalizing,478976,29356.03654324668,1.1707302499562502,mps,docs/train/runs/run_065_artifacts
66,2026-06-03T00:30:18+00:00,"silu 3-seed 검증이 통과했으므로, 현재 안정 후보에서 FFN 내부 폭을 줄여도 validation과 과적합 안정성이 유지되는지 확인한다. ffn_mult를 4에서 3으로 낮추면 Transformer block 순서와 attention/activation 함수는 유지하면서 parameter_count만 줄어든다. 만약 seed202 best 조건에서 final_val_loss가 크게 악화되지 않고 overfit_score=0.0을 유지한다면 현재 모델은 FFN 폭 4가 약간 과한 용량일 수 있고, 더 작은 모델이 같은 일반화 성능을 낼 수 있다.","{""ffn_mult"": 3}",202,600,48,24,8,2.307692,39,90,0.0003,0.01,1.0,128,4,2,0.12,False,3,False,1e-05,silu,none,sdpa,True,0.02,5.541486859321594,5.541161855061849,-0.000325004259745576,0.006623268127441406,0.006623268127441406,0.013246536254882812,generalizing,413184,31191.414365873043,1.1018416669685394,mps,docs/train/runs/run_066_artifacts
67,2026-06-03T00:35:12+00:00,"ffn_mult=3으로 줄인 silu 후보가 seed202에서 새 best를 만들었으므로, 같은 더 작은 FFN 폭이 seed134 stress seed에서도 validation과 과적합 안정성을 유지하는지 검증한다. seed134는 이전 고학습률 계열에서 과적합 신호가 강했던 seed라서, 여기서 ffn_mult=3이 통과하면 run066의 개선이 단순한 seed202 운이 아니라 작은 FFN이 현재 corpus에 더 잘 맞는다는 근거가 된다.","{""seed"": 134}",134,600,48,24,8,2.307692,39,90,0.0003,0.01,1.0,128,4,2,0.12,False,3,False,1e-05,silu,none,sdpa,True,0.02,5.560221791267395,5.548690954844157,-0.011530836423237822,-0.008969386418660186,-0.008969386418660186,0.0,generalizing,413184,29922.603312478775,1.1485631661489606,mps,docs/train/runs/run_067_artifacts
68,2026-06-03T00:40:13+00:00,"silu + ffn_mult=3 효율 후보의 3-seed 검증을 완성한다. run066(seed202)은 ffn_mult=3이 새 best를 만들었고, run067(seed134)은 ffn_mult=4보다 약간 높은 validation loss를 보였지만 overfit_score=0.0과 더 작은 parameter_count를 유지했다. 남은 seed151에서 같은 설정을 반복하면 ffn_mult=3이 평균적으로 ffn_mult=4를 대체할 수 있는 효율 후보인지, 아니면 seed202에 강하게 치우친 축소 모델인지 판단할 수 있다.","{""seed"": 151}",151,600,48,24,8,2.307692,39,90,0.0003,0.01,1.0,128,4,2,0.12,False,3,False,1e-05,silu,none,sdpa,True,0.02,5.561050653457642,5.542542775472005,-0.01850787798563669,-0.012069900830587343,-0.012069900830587343,0.0,generalizing,413184,29862.930556885436,1.1508582499809563,mps,docs/train/runs/run_068_artifacts
69,2026-06-03T00:46:26+00:00,"새 기준 후보인 silu + ffn_mult=3에서 FFN dropout 위치를 none에서 after_activation으로 바꾸면, Transformer 구조와 parameter_count를 유지하면서 activation 이후 hidden representation에만 약한 regularization을 줄 수 있다. run068은 seed151에서 현재 best를 만들었고 gap이 음수라 과적합은 없으므로, 이번 실험은 regularization 위치 변경이 validation 안정성을 더 높이는지 아니면 underfit을 만드는지 확인하는 단일축 테스트다.","{""ffn_dropout_position"": ""after_activation""}",151,600,48,24,8,2.307692,39,90,0.0003,0.01,1.0,128,4,2,0.12,False,3,False,1e-05,silu,after_activation,sdpa,True,0.02,5.561034560203552,5.542765935262044,-0.01826862494150827,-0.011830647786458925,-0.011830647786458925,0.0,generalizing,413184,31915.18503796571,1.0768541670404375,mps,docs/train/runs/run_069_artifacts
70,2026-06-03T00:50:43+00:00,"seed202의 silu + ffn_mult=3 기준선에서 FFN dropout 위치를 none에서 after_activation으로 바꾸면, run066의 매우 낮은 validation loss는 유지하면서 작은 overfit_score 신호를 더 낮출 수 있다. run069(seed151)는 after_activation이 best를 넘지는 못했지만 overfit_score=0.0과 거의 같은 validation을 유지했으므로, 이번에는 seed202 matched baseline에서 regularization 위치 효과를 재검증한다.","{""ffn_dropout_position"": ""after_activation"", ""seed"": 202}",202,600,48,24,8,2.307692,39,90,0.0003,0.01,1.0,128,4,2,0.12,False,3,False,1e-05,silu,after_activation,sdpa,True,0.02,5.541140675544739,5.541762669881185,0.0006219943364458302,0.0075702667236328125,0.0075702667236328125,0.015762527783711455,generalizing,413184,32222.20393019231,1.066593708936125,mps,docs/train/runs/run_070_artifacts
71,2026-06-03T00:55:44+00:00,"seed202의 silu + ffn_mult=3 기준선(run066)에서 learning_rate를 0.0003에서 0.000275로 아주 작게 낮추면, 낮은 validation loss는 유지하면서 train-only 개선 폭과 overfit_score를 줄일 수 있다. after_activation dropout은 run069와 run070에서 best를 넘지 못했고 seed202에서는 overfit_score가 오히려 커졌으므로, 이번에는 dropout 위치가 아니라 optimizer step size를 단일축으로 조정한다.","{""learning_rate"": 0.000275}",202,600,48,24,8,2.307692,39,90,0.000275,0.01,1.0,128,4,2,0.12,False,3,False,1e-05,silu,none,sdpa,True,0.02,5.550296306610107,5.546916961669922,-0.003379344940185547,0.0035689274470014354,0.0035689274470014354,0.007137854894002871,generalizing,413184,31902.067252590616,1.0772969578392804,mps,docs/train/runs/run_071_artifacts
72,2026-06-03T01:00:46+00:00,"현재 overfit-aware best인 run068의 silu + ffn_mult=3 기준에서 activation_name만 mish로 바꾸면, 구조 순서와 parameter_count를 유지하면서 SiLU보다 더 부드러운 non-monotonic activation이 validation loss를 낮추거나 generalization gap 안정성을 유지할 수 있다. 최근 after_activation dropout과 learning_rate 하향은 best를 넘지 못했으므로, 이번에는 regularization/optimizer가 아니라 FFN 함수 교체 축으로 돌아간다.","{""activation_name"": ""mish""}",151,600,48,24,8,2.307692,39,90,0.0003,0.01,1.0,128,4,2,0.12,False,3,False,1e-05,mish,none,sdpa,True,0.02,5.560092568397522,5.542157967885335,-0.017934600512186982,-0.011554837226867676,-0.011554837226867676,0.0,generalizing,413184,29916.280453633142,1.1488059170078486,mps,docs/train/runs/run_072_artifacts
73,2026-06-03T01:05:24+00:00,"run072에서 새 best가 된 mish + ffn_mult=3 후보를 seed202에서 반복하면, mish 개선이 seed151에만 국한된 우연인지 아니면 silu를 대체할 수 있는 activation 후보인지 판단할 수 있다. 구조 순서, FFN 폭, optimizer, dropout 위치, context/stride는 그대로 두고 seed만 바꾸어 재현성을 확인한다.","{""seed"": 202}",202,600,48,24,8,2.307692,39,90,0.0003,0.01,1.0,128,4,2,0.12,False,3,False,1e-05,mish,none,sdpa,True,0.02,5.540759325027466,5.5411020914713545,0.0003427664438886424,0.007468581199645996,0.007468581199645996,0.015279928843180635,generalizing,413184,32293.17305791057,1.0642497080843896,mps,docs/train/runs/run_073_artifacts
74,2026-06-03T01:10:40+00:00,"mish + ffn_mult=3 후보를 seed134 stress seed에서 반복하면, mish가 seed151/202에서만 좋은 우연인지 아니면 세 seed 평균에서도 silu를 대체할 수 있는 activation 후보인지 판단할 수 있다. 구조 순서, FFN 폭, optimizer, dropout 위치, context/stride는 그대로 유지하고 seed만 134로 바꿔 3-seed 검증을 완성한다.","{""seed"": 134}",134,600,48,24,8,2.307692,39,90,0.0003,0.01,1.0,128,4,2,0.12,False,3,False,1e-05,mish,none,sdpa,True,0.02,5.5599130392074585,5.548671881357829,-0.011241157849629424,-0.00867605209350586,-0.00867605209350586,0.0,generalizing,413184,29949.24366753738,1.1475414999295026,mps,docs/train/runs/run_074_artifacts
75,2026-06-03T01:20:54+00:00,"mish + ffn_mult=3과 silu + ffn_mult=3이 세 seed에서 거의 같은 low-loss/low-overfit 영역을 형성했으므로, 같은 작은 FFN 후보에서 activation_name만 quick_gelu로 바꾸면 GELU 근사의 단순한 곡선이 mish/silu와 동등한 validation loss를 유지하면서 더 빠르거나 더 안정적인 대안이 될 수 있다. 우선 현재 best인 run072와 같은 seed151 조건에서 matched activation ablation을 시작한다.","{""activation_name"": ""quick_gelu""}",151,600,48,24,8,2.307692,39,90,0.0003,0.01,1.0,128,4,2,0.12,False,3,False,1e-05,quick_gelu,none,sdpa,True,0.02,5.5615493059158325,5.542804876963298,-0.018744428952534697,-0.012285073598225615,-0.012285073598225615,0.0,generalizing,413184,30772.450694364386,1.116843125084415,mps,docs/train/runs/run_075_artifacts
76,2026-06-03T01:25:48+00:00,"run075에서 quick_gelu + ffn_mult=3은 seed151에서 mish/silu best 계열과 거의 같은 validation loss를 보이면서 overfit_score=0.0과 더 높은 tokens_per_sec를 기록했다. 같은 설정을 seed202에서 반복하면 quick_gelu가 단일 seed의 near-miss인지, 아니면 mish/silu와 3-seed 평균 비교에 올릴 만한 activation 후보인지 판단할 수 있다.","{""seed"": 202}",202,600,48,24,8,2.307692,39,90,0.0003,0.01,1.0,128,4,2,0.12,False,3,False,1e-05,quick_gelu,none,sdpa,True,0.02,5.542428970336914,5.541934013366699,-0.0004949569702148438,0.006483276685078643,0.006483276685078643,0.012966553370157285,generalizing,413184,30790.998189340124,1.1161703751422465,mps,docs/train/runs/run_076_artifacts
77,2026-06-03T01:30:36+00:00,"quick_gelu + ffn_mult=3이 seed151과 seed202에서 모두 low-risk generalizing으로 통과했으므로, 같은 설정을 seed134 stress seed에서 반복하면 quick_gelu가 mish/silu와 3-seed 평균 비교에 올릴 수 있는 효율 activation 후보인지 확정할 수 있다.","{""seed"": 134}",134,600,48,24,8,2.307692,39,90,0.0003,0.01,1.0,128,4,2,0.12,False,3,False,1e-05,quick_gelu,none,sdpa,True,0.02,5.56102192401886,5.548875331878662,-0.012146592140197754,-0.009536465009053252,-0.009536465009053252,0.0,generalizing,413184,29090.98399877628,1.1813969579525292,mps,docs/train/runs/run_077_artifacts
78,2026-06-03T01:35:58+00:00,"mish, silu, quick_gelu는 ffn_mult=3 안정 세팅에서 모두 low-risk이지만 세 seed 평균 차이가 매우 작고 현재 best를 크게 넘지는 못했다. 같은 구조와 학습 조건에서 activation_name만 squared_relu로 바꾸면 ReLU 계열의 단순한 sparse positive activation과 제곱 비선형성이 작은 FFN 폭에서 더 강한 feature selectivity를 만들어 validation loss를 낮출 수 있는지 확인할 수 있다.","{""activation_name"": ""squared_relu""}",151,600,48,24,8,2.307692,39,90,0.0003,0.01,1.0,128,4,2,0.12,False,3,False,1e-05,squared_relu,none,sdpa,True,0.02,5.565274953842163,5.545124371846517,-0.020150581995646455,-0.013376712799072266,-0.013376712799072266,0.0,generalizing,413184,33219.30416003031,1.0345791662111878,mps,docs/train/runs/run_078_artifacts
79,2026-06-03T01:45:28+00:00,"squared_relu는 seed151 matched ablation에서 overfit_score=0.0과 높은 처리량을 보였지만 final_val_loss=5.545124로 mish/silu/quick_gelu seed151 기준선보다 뒤처졌다. 같은 ffn_mult=3 안정 세팅에서 activation_name만 gelu_exact로 되돌리면, 작은 FFN 폭에서도 원래 GELU 계열 기준선이 smooth activation plateau와 얼마나 근접한지 확인할 수 있다.","{""activation_name"": ""gelu_exact""}",151,600,48,24,8,2.307692,39,90,0.0003,0.01,1.0,128,4,2,0.12,False,3,False,1e-05,gelu_exact,none,sdpa,True,0.02,5.561418890953064,5.542699495951335,-0.018719395001729033,-0.012259999910989805,-0.012259999910989805,0.0,generalizing,413184,31796.648734614042,1.0808686250820756,mps,docs/train/runs/run_079_artifacts
80,2026-06-03T01:47:21+00:00,"gelu_exact + ffn_mult=3은 seed151에서 final_val_loss=5.542699, final_generalization_gap=-0.018719, overfit_score=0.0으로 mish/silu/quick_gelu plateau에 합류했다. 같은 설정을 seed202에서 반복하면 gelu_exact가 작은 FFN 폭에서도 activation 후보로 재진입할 수 있는지, 아니면 seed151에서만 근접한 기준선인지 판단할 수 있다.","{""seed"": 202}",202,600,48,24,8,2.307692,39,90,0.0003,0.01,1.0,128,4,2,0.12,False,3,False,1e-05,gelu_exact,none,sdpa,True,0.02,5.542208194732666,5.541786829630534,-0.0004213651021318654,0.006549914677938418,0.006549914677938418,0.013099829355876835,generalizing,413184,29375.310960661307,1.1699620829895139,mps,docs/train/runs/run_080_artifacts
81,2026-06-03T01:52:17+00:00,"gelu_exact + ffn_mult=3은 seed151과 seed202에서 모두 low-risk로 통과했으므로, 같은 설정을 seed134 stress seed에서 반복하면 gelu_exact가 mish/silu/quick_gelu와 3-seed 평균 비교에 들어갈 수 있는 activation 후보인지 확정할 수 있다.","{""seed"": 134}",134,600,48,24,8,2.307692,39,90,0.0003,0.01,1.0,128,4,2,0.12,False,3,False,1e-05,gelu_exact,none,sdpa,True,0.02,5.560893654823303,5.548844178517659,-0.012049476305644014,-0.009443004926046328,-0.009443004926046328,0.0,generalizing,413184,30793.905367821415,1.1160650001838803,mps,docs/train/runs/run_081_artifacts
82,2026-06-03T01:59:01+00:00,"activation sweep 결과 mish가 3-seed 평균 final_val_loss에서 가장 앞서고 current best도 run072(mish, seed151)이므로, activation 탐색은 닫고 mish 후보의 seed202 작은 overfit penalty를 줄이는 optimization 단일축을 확인한다. run073의 mish + seed202 + max_steps=90에서 max_steps만 85로 줄이면 낮은 validation loss를 대부분 유지하면서 train 쪽 과진행과 overfit_score를 낮출 수 있다.","{""effective_max_steps"": ""85"", ""epochs"": ""2.179487""}",202,600,48,24,8,2.179487,39,85,0.0003,0.01,1.0,128,4,2,0.12,False,3,False,1e-05,mish,none,sdpa,True,0.02,5.550032615661621,5.546870072682698,-0.003162542978922822,0.003963271776834532,0.003963271776834532,0.007926543553669063,generalizing,413184,31525.4816479677,1.0292626251466572,mps,docs/train/runs/run_082_artifacts
83,2026-06-03T02:02:55+00:00,"run082 showed that shortening mish + seed202 from 90 to 85 steps reduces overfit_score but loses too much validation performance, so the next safer test is to restore max_steps=90 and apply only a gentle weight_decay increase from 0.01 to 0.015. If the small seed202 penalty in run073 is due to train-side over-progress rather than activation choice, this should keep the low final_val_loss near 5.541 while reducing overfit_score without the under-training cost seen in run082.","{""effective_max_steps"": ""90"", ""epochs"": ""2.307692"", ""weight_decay"": 0.015}",202,600,48,24,8,2.307692,39,90,0.0003,0.015,1.0,128,4,2,0.12,False,3,False,1e-05,mish,none,sdpa,True,0.02,5.540782451629639,5.541118780771892,0.0003363291422529002,0.007462143898010254,0.007462143898010254,0.015260616938273408,generalizing,413184,27165.717464007736,1.2651239580009133,mps,docs/train/runs/run_083_artifacts
84,2026-06-03T02:07:56+00:00,"The seed202 regularization branch should be closed unless weight_decay=0.015 also improves the current best seed151 mish run. Run083 showed that weight_decay=0.015 preserved seed202 validation but did not meaningfully reduce its overfit-aware penalty versus run073, so applying the same mild weight decay to seed151 tests whether it is a real activation-setting improvement or just neutral noise. If seed151 keeps overfit_score at 0.0 and lowers final_val_loss below run072, weight_decay=0.015 can remain in the mish candidate; otherwise the loop should return to weight_decay=0.01 and treat the remaining differences as seed variance.","{""seed"": 151, ""weight_decay"": 0.015}",151,600,48,24,8,2.307692,39,90,0.0003,0.015,1.0,128,4,2,0.12,False,3,False,1e-05,mish,none,sdpa,True,0.02,5.560110807418823,5.542174339294434,-0.01793646812438965,-0.011556704839070342,-0.011556704839070342,0.0,generalizing,413184,33190.85855237598,1.0354658330325037,mps,docs/train/runs/run_084_artifacts
85,2026-06-03T02:12:49+00:00,"After closing the weight_decay=0.015 regularization branch, the next most informative question is seed variance around the current best mish configuration. Keeping the run072 default candidate unchanged and changing only seed to 303 will show whether the mish + ffn_mult=3 + weight_decay=0.01 plateau remains low-risk outside the already-tested seeds 151, 202, and 134.","{""seed"": 303}",303,600,48,24,8,2.307692,39,90,0.0003,0.01,1.0,128,4,2,0.12,False,3,False,1e-05,mish,none,sdpa,True,0.02,5.5172765254974365,5.559609095255534,0.04233256975809763,0.057884017626444795,0.057884017626444795,0.15810060501098722,overfit_risk,413184,29972.755193218578,1.146641334053129,mps,docs/train/runs/run_085_artifacts
86,2026-06-03T02:18:53+00:00,"Run085 showed that the current best mish configuration is seed-sensitive: seed303 drove train loss down to 5.517277 while validation stayed at 5.559609, producing a high positive gap and overfit_score=0.158101. Keeping the same seed303 and model settings but reducing stride from 24 to 16 will test whether denser overlapping training windows can reduce the train/validation mismatch without changing the Transformer architecture or activation. If the problem is window coverage sensitivity rather than model capacity alone, stride=16 should reduce the gap and overfit_score while keeping validation in a usable range.","{""stride"": 16}",303,600,48,16,8,1.551724,58,90,0.0003,0.01,1.0,128,4,2,0.12,False,3,False,1e-05,mish,none,sdpa,True,0.02,5.542324781417847,5.5559156735738116,0.013590892155964873,0.026093920071919463,0.026093920071919463,0.0657787322998038,generalizing,413184,34097.84210916383,1.0135538750328124,mps,docs/train/runs/run_086_artifacts
87,2026-06-03T02:24:43+00:00,"Run086 showed that stride=16 can rescue the bad seed303 case by reducing the final gap from 0.042333 to 0.013591 and the overfit_score from 0.158101 to 0.065779, but its final_val_loss remained far above the current best. The next question is whether stride=16 is a generally useful robustness default or only a rescue knob for seed303. Repeating stride=16 on the known-good best seed151, while keeping the mish ffn_mult=3 model and optimizer fixed, will test whether denser windows preserve the run072 best band or trade away validation quality.","{""stride"": 16}",151,600,48,16,8,1.551724,58,90,0.0003,0.01,1.0,128,4,2,0.12,False,3,False,1e-05,mish,none,sdpa,True,0.02,5.581377625465393,5.547791798909505,-0.033585826555888154,-0.028071045875549316,-0.028071045875549316,0.0,generalizing,413184,37980.34186639419,0.9099444160237908,mps,docs/train/runs/run_087_artifacts
88,2026-06-03T02:28:55+00:00,"Run087 showed that stride=16 is not a good general default: on the known-good seed151 it kept overfit_score at 0.0 but raised final_val_loss to 5.547792, well above the run072 best band. Therefore the loop should return to the run072 mish + ffn_mult=3 + stride=24 default and measure fresh seed variance directly. Running a new seed404 with the unchanged default will test whether run085 seed303 was an isolated bad seed/window draw or whether the current best plateau is broadly seed-sensitive.","{""seed"": 404}",404,600,48,24,8,2.307692,39,90,0.0003,0.01,1.0,128,4,2,0.12,False,3,False,1e-05,mish,none,sdpa,True,0.02,5.490696907043457,5.548481464385986,0.0577845573425293,0.05939757823944092,0.05939757823944092,0.17657971382141113,overfit_risk,413184,33267.54964367947,1.033078792039305,mps,docs/train/runs/run_088_artifacts
89,2026-06-03T02:33:38+00:00,"Run088 confirmed that the current mish + ffn_mult=3 default is broadly seed-sensitive: fresh seed404 at stride=24 drove train loss down to 5.490697 while validation stayed at 5.548481, producing final_generalization_gap=0.057785 and overfit_score=0.176580. Run086 showed that reducing stride from 24 to 16 rescued a similar bad fresh seed303 gap, while run087 showed stride=16 is not a good global default for seed151. Keeping seed404 fixed and changing only stride to 16 will test whether stride=16 is a targeted rescue window for overfitting fresh seeds rather than a default setting.","{""stride"": 16}",404,600,48,16,8,1.551724,58,90,0.0003,0.01,1.0,128,4,2,0.12,False,3,False,1e-05,mish,none,sdpa,True,0.02,5.537066102027893,5.555461088816325,0.0183949867884321,0.00725762049357126,0.00725762049357126,0.03291022777557462,generalizing,413184,31876.25446128651,1.0841926250141114,mps,docs/train/runs/run_089_artifacts
90,2026-06-03T02:39:29+00:00,"Run089 confirmed that stride=16 is a reliable rescue knob for fresh overfit seeds, but it pays for lower overfit with worse validation: seed404 moved from run088 final_val_loss=5.548481 and overfit_score=0.176580 to run089 final_val_loss=5.555461 and overfit_score=0.032910. A shorter training horizon at the original stride=24 may keep more of run088's validation advantage while avoiding the severe train-side over-progress. Keeping seed404 fixed, restoring stride=24, and reducing max_steps from 90 to 80 will test whether early stopping is a better validation/robustness tradeoff than denser windows.","{""effective_max_steps"": ""80"", ""epochs"": ""2.051282"", ""stride"": 24}",404,600,48,24,8,2.051282,39,80,0.0003,0.01,1.0,128,4,2,0.12,False,3,False,1e-05,mish,none,sdpa,True,0.02,5.5069133043289185,5.559826691945394,0.05291338761647513,0.05452640851338675,0.05452640851338675,0.16196620464324862,overfit_risk,413184,29494.025499896034,1.0350570830050856,mps,docs/train/runs/run_090_artifacts
91,2026-06-03T02:44:43+00:00,"For the seed404 mish baseline that overfit at stride 24, reducing learning_rate from 0.0003 to 0.000275 will slow train-side over-progress enough to reduce the generalization gap without the validation-loss penalty seen from stride16 or max_steps80.","{""learning_rate"": 0.000275}",404,600,48,24,8,2.307692,39,90,0.000275,0.01,1.0,128,4,2,0.12,False,3,False,1e-05,mish,none,sdpa,True,0.02,5.499987244606018,5.5547966957092285,0.05480945110321045,0.05642247200012207,0.05642247200012207,0.1676543951034546,overfit_risk,413184,32978.25115457905,1.0421413748990744,mps,docs/train/runs/run_091_artifacts
92,2026-06-03T02:48:48+00:00,"For the seed404 mish baseline that keeps overfitting at stride 24, a mild drop_rate increase from 0.12 to 0.14 will reduce train-side over-progress and overfit_score more effectively than the failed learning-rate and early-stop probes, while preserving validation better than the stride16 rescue.","{""drop_rate"": 0.14}",404,600,48,24,8,2.307692,39,90,0.0003,0.01,1.0,128,4,2,0.14,False,3,False,1e-05,mish,none,sdpa,True,0.02,5.492234706878662,5.548829714457194,0.0565950075785322,0.05820802847544382,0.05820802847544382,0.17301106452941983,overfit_risk,413184,31271.3849969762,1.099023916060105,mps,docs/train/runs/run_092_artifacts
93,2026-06-03T02:53:58+00:00,"For the seed404 mish baseline, increasing drop_rate from 0.14 to 0.16 may cross the regularization threshold needed to reduce the high stride24 overfit_score while preserving the validation advantage over the stride16 rescue.","{""drop_rate"": 0.16}",404,600,48,24,8,2.307692,39,90,0.0003,0.01,1.0,128,4,2,0.16,False,3,False,1e-05,mish,none,sdpa,True,0.02,5.49391770362854,5.549636999766032,0.05571929613749216,0.05733231703440378,0.05733231703440378,0.17038393020629972,overfit_risk,413184,32968.93441492805,1.0424358751624823,mps,docs/train/runs/run_093_artifacts
94,2026-06-03T02:58:34+00:00,"For the seed404 mish baseline, reducing stride from 24 to 20 will add moderate window overlap that lowers the overfit gap more than the default stride24 run, while avoiding the larger validation-loss penalty observed at stride16.","{""stride"": 20}",404,600,48,20,8,1.914894,47,90,0.0003,0.01,1.0,128,4,2,0.12,False,3,False,1e-05,mish,none,sdpa,True,0.02,5.582841873168945,5.543789545694987,-0.03905232747395804,-0.029156287511189483,-0.029156287511189483,0.0,generalizing,413184,26079.505124947904,1.3178164169657975,mps,docs/train/runs/run_094_artifacts
95,2026-06-03T03:03:40+00:00,"The stride20 intermediate-overlap setting that rescued seed404 will also rescue the earlier seed303 overfit case, lowering overfit_score versus stride24 while avoiding the validation-loss penalty seen at stride16.","{""seed"": 303}",303,600,48,20,8,1.914894,47,90,0.0003,0.01,1.0,128,4,2,0.12,False,3,False,1e-05,mish,none,sdpa,True,0.02,5.540337562561035,5.549335797627767,0.008998235066731475,0.022278030713398955,0.022278030713398955,0.053554296493529385,generalizing,413184,27437.434398063626,1.2525952500291169,mps,docs/train/runs/run_095_artifacts
96,2026-06-03T03:10:45+00:00,"The stride20 intermediate-overlap setting that rescued seed404 and seed303 will preserve the known-good seed151 validation band, showing it can be considered a robust default candidate rather than only an overfit rescue knob.","{""seed"": 151, ""stride"": 20}",151,600,48,20,8,1.914894,47,90,0.0003,0.01,1.0,128,4,2,0.12,False,3,False,1e-05,mish,none,sdpa,True,0.02,5.527196884155273,5.547611077626546,0.02041419347127249,0.02489471435546875,0.02489471435546875,0.07020362218220999,generalizing,413184,30915.078190852942,1.111690541030839,mps,docs/train/runs/run_096_artifacts
97,2026-06-03T03:13:41+00:00,"For the overfit-prone seed303 mish configuration, reducing stride from 20 to 18 will add a little more overlap that lowers the remaining positive generalization gap and overfit_score while preserving most of stride20's validation advantage over the stride16 rescue.","{""seed"": 303, ""stride"": 18}",303,600,48,18,8,1.730769,52,90,0.0003,0.01,1.0,128,4,2,0.12,False,3,False,1e-05,mish,none,sdpa,True,0.02,5.525697708129883,5.548077901204427,0.022380193074543975,0.03563924630482962,0.03563924630482962,0.09365868568420321,generalizing,413184,28993.96741014553,1.1870055419858545,mps,docs/train/runs/run_097_artifacts
98,2026-06-03T03:19:17+00:00,"A fresh seed505 run with the current mish stride24 default will clarify whether the recent seed303 and seed404 overfit cases are common seed variance or isolated bad draws; if seed505 is low-risk, stride20 should remain a targeted rescue rather than the main default.","{""seed"": 505}",505,600,48,24,8,2.307692,39,90,0.0003,0.01,1.0,128,4,2,0.12,False,3,False,1e-05,mish,none,sdpa,True,0.02,5.52947723865509,5.552542209625244,0.02306497097015381,-0.0018255313237505177,-0.0018255313237505177,0.02306497097015381,generalizing,413184,11223.251892471817,3.06221408280544,mps,docs/train/runs/run_098_artifacts
99,2026-06-03T03:24:18+00:00,"A second fresh stride24 default probe with seed606 will show whether seed505's low-risk but higher-validation result is typical variance, while checking whether high-gap failures like seed303 and seed404 are frequent enough to make stride20 rescue a standard follow-up policy.","{""seed"": 606}",606,600,48,24,8,2.307692,39,90,0.0003,0.01,1.0,128,4,2,0.12,False,3,False,1e-05,mish,none,sdpa,True,0.02,5.53938627243042,5.542599201202393,0.0032129287719726562,0.029531757036845185,0.029531757036845185,0.06227644284566303,generalizing,413184,32405.996506073137,1.0605444579850882,mps,docs/train/runs/run_099_artifacts
100,2026-06-03T03:29:36+00:00,"For the strong seed606 stride24 default run, lowering init_std from 0.02 to 0.018 will reduce seed-level optimization variance and the remaining overfit_score without changing model architecture, data windowing, or training length.","{""init_std"": 0.018}",606,600,48,24,8,2.307692,39,90,0.0003,0.01,1.0,128,4,2,0.12,False,3,False,1e-05,mish,none,sdpa,True,0.018,5.541860222816467,5.5438259442647295,0.0019657214482622365,0.02588550249735455,0.02588550249735455,0.05373672644297134,generalizing,413184,31778.270870628727,1.0814937080722302,mps,docs/train/runs/run_100_artifacts
101,2026-06-03T03:34:00+00:00,"For the strong seed606 mish stride24 default run, increasing max_steps from 90 to 100 will give the near-best validation trajectory enough extra optimization to beat run072 while keeping the final gap low.","{""effective_max_steps"": ""100"", ""epochs"": ""2.564103""}",606,600,48,24,8,2.564103,39,100,0.0003,0.01,1.0,128,4,2,0.12,False,3,False,1e-05,mish,none,sdpa,True,0.02,5.514323949813843,5.530441125233968,0.01611717542012503,0.04243600368499756,0.04243600368499756,0.10098918279012015,generalizing,413184,33158.98857968503,1.1522667498793453,mps,docs/train/runs/run_101_artifacts
102,2026-06-03T03:39:22+00:00,Repeating the max_steps=100 horizon on the known best-band seed151 mish stride24 configuration will show whether run101's large validation gain was a transferable optimization effect rather than a seed606-specific lucky trajectory.,"{""effective_max_steps"": ""100"", ""epochs"": ""2.564103"", ""seed"": 151}",151,600,48,24,8,2.564103,39,100,0.0003,0.01,1.0,128,4,2,0.12,False,3,False,1e-05,mish,none,sdpa,True,0.02,5.535039901733398,5.534507115681966,-0.0005327860514325877,0.005846977233886719,0.005846977233886719,0.011693954467773438,generalizing,413184,36049.133067089955,1.0598867919761688,mps,docs/train/runs/run_102_artifacts
103,2026-06-03T03:43:56+00:00,Running the current mish stride24 max_steps=100 candidate on seed202 will test whether the longer optimization horizon is robust across another historically strong low-risk seed before making it the new default.,"{""effective_max_steps"": ""100"", ""epochs"": ""2.564103"", ""seed"": 202}",202,600,48,24,8,2.564103,39,100,0.0003,0.01,1.0,128,4,2,0.12,False,3,False,1e-05,mish,none,sdpa,True,0.02,5.520029783248901,5.528694152832031,0.008664369583129883,0.015790184338887236,0.015790184338887236,0.040244738260904356,generalizing,413184,36336.057171870525,1.051517500076443,mps,docs/train/runs/run_103_artifacts
104,2026-06-03T03:49:08+00:00,Using the promoted mish stride24 max_steps=100 candidate on a fresh seed707 will measure whether the longer-horizon improvement generalizes beyond the already-tested strong seeds or exposes renewed seed variance.,"{""effective_max_steps"": ""100"", ""epochs"": ""2.564103"", ""seed"": 707}",707,600,48,24,8,2.564103,39,100,0.0003,0.01,1.0,128,4,2,0.12,False,3,False,1e-05,mish,none,sdpa,True,0.02,5.482966423034668,5.533458232879639,0.0504918098449707,0.08296096324920654,0.08296096324920654,0.2164137363433838,overfit_risk,413184,33647.721511623946,1.135530082974583,mps,docs/train/runs/run_104_artifacts
105,2026-06-03T03:54:02+00:00,"For the overfit-prone fresh seed707 under the promoted max_steps=100 candidate, reducing stride from 24 to 20 will add moderate window overlap that lowers the high generalization gap while preserving most of the strong raw validation.","{""effective_max_steps"": ""100"", ""epochs"": ""2.12766"", ""seed"": 707, ""stride"": 20}",707,600,48,20,8,2.12766,47,100,0.0003,0.05,1.0,128,4,1,0.16999999999999998,False,2,False,1e-05,mish,none,sdpa,True,0.02,5.5318992137908936,5.547992706298828,0.01609349250793457,-0.003676295280456543,-0.003676295280456543,0.01609349250793457,generalizing,215296,41625.091392008115,0.9132952920626849,mps,docs/train/runs/run_105_artifacts
106,2026-06-03T04:00:28+00:00,"For the overfit-prone seed707 max_steps=100 case, reducing stride from 24 to 20 will lower the high generalization gap while preserving the original 413k-parameter mish architecture and default regularization.","{""effective_max_steps"": ""100"", ""epochs"": ""2.12766"", ""seed"": 707, ""stride"": 20}",707,600,48,20,8,2.12766,47,100,0.0003,0.01,1.0,128,4,2,0.12,False,3,False,1e-05,mish,none,sdpa,True,0.02,5.526401996612549,5.539270559946696,0.012868563334147431,0.04073087374369333,0.04073087374369333,0.09433031082153409,generalizing,413184,32719.723750400717,1.161868000170216,mps,docs/train/runs/run_106_artifacts
107,2026-06-03T04:04:25+00:00,"For the seed707 mish stride24 case that overfit at max_steps=100, shortening the horizon to max_steps=95 will preserve most of the strong validation loss while reducing the late train-side overfit signal.","{""effective_max_steps"": ""95"", ""epochs"": ""2.435897"", ""seed"": 707}",707,600,48,24,8,2.435897,39,95,0.0003,0.01,1.0,128,4,2,0.12,False,3,False,1e-05,mish,none,sdpa,True,0.02,5.493781328201294,5.537662823994954,0.043881495793660186,0.07635064919789603,0.07635064919789603,0.19658279418945224,overfit_risk,413184,32677.856606778514,1.1104767499491572,mps,docs/train/runs/run_107_artifacts
108,2026-06-03T04:09:12+00:00,A fresh seed808 run with the promoted mish stride24 max_steps100 candidate will show whether seed707 is an outlier overfit case or whether the new 100-step default has a broader fresh-seed variance problem.,"{""effective_max_steps"": ""100"", ""epochs"": ""2.564103"", ""seed"": 808}",808,600,48,24,8,2.564103,39,100,0.0003,0.01,1.0,128,4,2,0.12,False,3,False,1e-05,mish,none,sdpa,True,0.02,5.532469153404236,5.536325136820476,0.0038559834162397166,0.0092543363571167,0.0092543363571167,0.022364656130473115,generalizing,413184,32981.51661970901,1.1584670420270413,mps,docs/train/runs/run_108_artifacts
109,2026-06-03T04:14:31+00:00,"For the low-risk fresh seed808 mish stride24 candidate, increasing max_steps from 100 to 105 will test whether low-gap seeds remain mildly optimization-limited and can improve validation without entering the seed707-style overfit regime.","{""effective_max_steps"": ""105"", ""epochs"": ""2.692308"", ""seed"": 808}",808,600,48,24,8,2.692308,39,105,0.0003,0.01,1.0,128,4,2,0.12,False,3,False,1e-05,mish,none,sdpa,True,0.02,5.520353317260742,5.533207734425862,0.012854417165120147,0.01825277010599713,0.01825277010599713,0.049359957377114405,generalizing,413184,35343.61832304314,1.1353676251601428,mps,docs/train/runs/run_109_artifacts
110,2026-06-03T04:19:14+00:00,"For the current overfit-aware best seed151 mish stride24 candidate, increasing max_steps from 100 to 105 will test whether the low-risk +5-step validation gain seen on seed808 transfers to the best-score seed without adding meaningful overfit.","{""effective_max_steps"": ""105"", ""epochs"": ""2.692308"", ""seed"": 151}",151,600,48,24,8,2.692308,39,105,0.0003,0.01,1.0,128,4,2,0.12,False,3,False,1e-05,mish,none,sdpa,True,0.02,5.523156762123108,5.53395430246989,0.010797540346781709,0.017177303632101015,0.017177303632101015,0.04515214761098374,generalizing,413184,33323.325570307374,1.2042015409097075,mps,docs/train/runs/run_110_artifacts
111,2026-06-03T04:35:53+00:00,"For the strong low-risk seed202 mish stride24 candidate, increasing the training horizon from 2.564103 epochs to 2.692308 epochs will test whether the small +0.128205 epoch refinement that helped seed808 and seed151 also transfers without pushing overfit into the medium-risk band.","{""effective_max_steps"": 105, ""epochs"": 2.692308, ""seed"": 202}",202,600,48,24,8,2.692308,39,106,0.0003,0.01,1.0,128,4,2,0.12,False,3,False,1e-05,mish,none,sdpa,True,0.02,5.509305000305176,5.525291442871094,0.01598644256591797,0.023112257321675322,0.023112257321675322,0.062210957209268614,generalizing,413184,34145.4127903661,1.186455124989152,mps,docs/train/runs/run_111_artifacts
