phase,condition_id,purpose,sweep_axis,axis_value,stage,vocab_size,tokenizer_min_frequency,context_length,batch_size,emb_dim,n_heads,n_layers,drop_rate,ffn_mult,norm_first,activation_name,attention_impl,qkv_bias,tie_embeddings,init_std,learning_rate,weight_decay,grad_clip,epochs,epoch_milestones,run_number,repeat_index,seed
phase1_lr,LR0050,learning-rate sweep lr=5e-05,learning_rate,5e-05,exploratory,12000,2,512,4,512,8,8,0.1,4,True,gelu,sdpa,False,True,0.02,5e-05,0.05,1.0,50,,1,1,123
phase1_lr,LR0050,learning-rate sweep lr=5e-05,learning_rate,5e-05,exploratory,12000,2,512,4,512,8,8,0.1,4,True,gelu,sdpa,False,True,0.02,5e-05,0.05,1.0,50,,2,2,321
phase1_lr,LR0050,learning-rate sweep lr=5e-05,learning_rate,5e-05,exploratory,12000,2,512,4,512,8,8,0.1,4,True,gelu,sdpa,False,True,0.02,5e-05,0.05,1.0,50,,3,3,777
phase1_lr,LR0070,learning-rate sweep lr=7e-05,learning_rate,7e-05,exploratory,12000,2,512,4,512,8,8,0.1,4,True,gelu,sdpa,False,True,0.02,7e-05,0.05,1.0,50,,4,1,123
phase1_lr,LR0070,learning-rate sweep lr=7e-05,learning_rate,7e-05,exploratory,12000,2,512,4,512,8,8,0.1,4,True,gelu,sdpa,False,True,0.02,7e-05,0.05,1.0,50,,5,2,321
phase1_lr,LR0070,learning-rate sweep lr=7e-05,learning_rate,7e-05,exploratory,12000,2,512,4,512,8,8,0.1,4,True,gelu,sdpa,False,True,0.02,7e-05,0.05,1.0,50,,6,3,777
phase1_lr,LR0100,learning-rate sweep lr=0.0001,learning_rate,0.0001,exploratory,12000,2,512,4,512,8,8,0.1,4,True,gelu,sdpa,False,True,0.02,0.0001,0.05,1.0,50,,7,1,123
phase1_lr,LR0100,learning-rate sweep lr=0.0001,learning_rate,0.0001,exploratory,12000,2,512,4,512,8,8,0.1,4,True,gelu,sdpa,False,True,0.02,0.0001,0.05,1.0,50,,8,2,321
phase1_lr,LR0100,learning-rate sweep lr=0.0001,learning_rate,0.0001,exploratory,12000,2,512,4,512,8,8,0.1,4,True,gelu,sdpa,False,True,0.02,0.0001,0.05,1.0,50,,9,3,777
phase1_lr,LR0150,learning-rate sweep lr=0.00015,learning_rate,0.00015,exploratory,12000,2,512,4,512,8,8,0.1,4,True,gelu,sdpa,False,True,0.02,0.00015,0.05,1.0,50,,10,1,123
phase1_lr,LR0150,learning-rate sweep lr=0.00015,learning_rate,0.00015,exploratory,12000,2,512,4,512,8,8,0.1,4,True,gelu,sdpa,False,True,0.02,0.00015,0.05,1.0,50,,11,2,321
phase1_lr,LR0150,learning-rate sweep lr=0.00015,learning_rate,0.00015,exploratory,12000,2,512,4,512,8,8,0.1,4,True,gelu,sdpa,False,True,0.02,0.00015,0.05,1.0,50,,12,3,777
phase1_lr,LR0200,learning-rate sweep lr=0.0002,learning_rate,0.0002,exploratory,12000,2,512,4,512,8,8,0.1,4,True,gelu,sdpa,False,True,0.02,0.0002,0.05,1.0,50,,13,1,123
phase1_lr,LR0200,learning-rate sweep lr=0.0002,learning_rate,0.0002,exploratory,12000,2,512,4,512,8,8,0.1,4,True,gelu,sdpa,False,True,0.02,0.0002,0.05,1.0,50,,14,2,321
phase1_lr,LR0200,learning-rate sweep lr=0.0002,learning_rate,0.0002,exploratory,12000,2,512,4,512,8,8,0.1,4,True,gelu,sdpa,False,True,0.02,0.0002,0.05,1.0,50,,15,3,777
phase1_lr,LR0300,learning-rate sweep lr=0.0003,learning_rate,0.0003,exploratory,12000,2,512,4,512,8,8,0.1,4,True,gelu,sdpa,False,True,0.02,0.0003,0.05,1.0,50,,16,1,123
phase1_lr,LR0300,learning-rate sweep lr=0.0003,learning_rate,0.0003,exploratory,12000,2,512,4,512,8,8,0.1,4,True,gelu,sdpa,False,True,0.02,0.0003,0.05,1.0,50,,17,2,321
phase1_lr,LR0300,learning-rate sweep lr=0.0003,learning_rate,0.0003,exploratory,12000,2,512,4,512,8,8,0.1,4,True,gelu,sdpa,False,True,0.02,0.0003,0.05,1.0,50,,18,3,777
phase1_lr,LR0500,learning-rate sweep lr=0.0005,learning_rate,0.0005,exploratory,12000,2,512,4,512,8,8,0.1,4,True,gelu,sdpa,False,True,0.02,0.0005,0.05,1.0,50,,19,1,123
phase1_lr,LR0500,learning-rate sweep lr=0.0005,learning_rate,0.0005,exploratory,12000,2,512,4,512,8,8,0.1,4,True,gelu,sdpa,False,True,0.02,0.0005,0.05,1.0,50,,20,2,321
phase1_lr,LR0500,learning-rate sweep lr=0.0005,learning_rate,0.0005,exploratory,12000,2,512,4,512,8,8,0.1,4,True,gelu,sdpa,False,True,0.02,0.0005,0.05,1.0,50,,21,3,777
phase1_lr,LR0700,learning-rate sweep lr=0.0007,learning_rate,0.0007,exploratory,12000,2,512,4,512,8,8,0.1,4,True,gelu,sdpa,False,True,0.02,0.0007,0.05,1.0,50,,22,1,123
phase1_lr,LR0700,learning-rate sweep lr=0.0007,learning_rate,0.0007,exploratory,12000,2,512,4,512,8,8,0.1,4,True,gelu,sdpa,False,True,0.02,0.0007,0.05,1.0,50,,23,2,321
phase1_lr,LR0700,learning-rate sweep lr=0.0007,learning_rate,0.0007,exploratory,12000,2,512,4,512,8,8,0.1,4,True,gelu,sdpa,False,True,0.02,0.0007,0.05,1.0,50,,24,3,777
phase1_lr,LR1000,learning-rate sweep lr=0.001,learning_rate,0.001,exploratory,12000,2,512,4,512,8,8,0.1,4,True,gelu,sdpa,False,True,0.02,0.001,0.05,1.0,50,,25,1,123
phase1_lr,LR1000,learning-rate sweep lr=0.001,learning_rate,0.001,exploratory,12000,2,512,4,512,8,8,0.1,4,True,gelu,sdpa,False,True,0.02,0.001,0.05,1.0,50,,26,2,321
phase1_lr,LR1000,learning-rate sweep lr=0.001,learning_rate,0.001,exploratory,12000,2,512,4,512,8,8,0.1,4,True,gelu,sdpa,False,True,0.02,0.001,0.05,1.0,50,,27,3,777
phase1_lr,LR1500,learning-rate sweep lr=0.0015,learning_rate,0.0015,exploratory,12000,2,512,4,512,8,8,0.1,4,True,gelu,sdpa,False,True,0.02,0.0015,0.05,1.0,50,,28,1,123
phase1_lr,LR1500,learning-rate sweep lr=0.0015,learning_rate,0.0015,exploratory,12000,2,512,4,512,8,8,0.1,4,True,gelu,sdpa,False,True,0.02,0.0015,0.05,1.0,50,,29,2,321
phase1_lr,LR1500,learning-rate sweep lr=0.0015,learning_rate,0.0015,exploratory,12000,2,512,4,512,8,8,0.1,4,True,gelu,sdpa,False,True,0.02,0.0015,0.05,1.0,50,,30,3,777
phase1_lr,LR2000,learning-rate sweep lr=0.002,learning_rate,0.002,exploratory,12000,2,512,4,512,8,8,0.1,4,True,gelu,sdpa,False,True,0.02,0.002,0.05,1.0,50,,31,1,123
phase1_lr,LR2000,learning-rate sweep lr=0.002,learning_rate,0.002,exploratory,12000,2,512,4,512,8,8,0.1,4,True,gelu,sdpa,False,True,0.02,0.002,0.05,1.0,50,,32,2,321
phase1_lr,LR2000,learning-rate sweep lr=0.002,learning_rate,0.002,exploratory,12000,2,512,4,512,8,8,0.1,4,True,gelu,sdpa,False,True,0.02,0.002,0.05,1.0,50,,33,3,777
phase1_lr,LR3000,learning-rate sweep lr=0.003,learning_rate,0.003,exploratory,12000,2,512,4,512,8,8,0.1,4,True,gelu,sdpa,False,True,0.02,0.003,0.05,1.0,50,,34,1,123
phase1_lr,LR3000,learning-rate sweep lr=0.003,learning_rate,0.003,exploratory,12000,2,512,4,512,8,8,0.1,4,True,gelu,sdpa,False,True,0.02,0.003,0.05,1.0,50,,35,2,321
phase1_lr,LR3000,learning-rate sweep lr=0.003,learning_rate,0.003,exploratory,12000,2,512,4,512,8,8,0.1,4,True,gelu,sdpa,False,True,0.02,0.003,0.05,1.0,50,,36,3,777
phase2_epoch,EH1500,epoch horizon long-run with 25..1500 milestone extraction,epoch_milestones,25|50|75|100|150|200|300|400|600|800|1000|1200|1500,exploratory,12000,2,512,4,512,8,8,0.1,4,True,gelu,sdpa,False,True,0.02,0.0003,0.05,1.0,1500,25|50|75|100|150|200|300|400|600|800|1000|1200|1500,37,1,123
phase2_epoch,EH1500,epoch horizon long-run with 25..1500 milestone extraction,epoch_milestones,25|50|75|100|150|200|300|400|600|800|1000|1200|1500,exploratory,12000,2,512,4,512,8,8,0.1,4,True,gelu,sdpa,False,True,0.02,0.0003,0.05,1.0,1500,25|50|75|100|150|200|300|400|600|800|1000|1200|1500,38,2,321
phase2_epoch,EH1500,epoch horizon long-run with 25..1500 milestone extraction,epoch_milestones,25|50|75|100|150|200|300|400|600|800|1000|1200|1500,exploratory,12000,2,512,4,512,8,8,0.1,4,True,gelu,sdpa,False,True,0.02,0.0003,0.05,1.0,1500,25|50|75|100|150|200|300|400|600|800|1000|1200|1500,39,3,777
phase3_vocab,V04000,tokenizer vocab-size sweep vocab=4000,vocab_size,4000,exploratory,4000,2,512,4,512,8,8,0.1,4,True,gelu,sdpa,False,True,0.02,0.0003,0.05,1.0,50,,40,1,123
phase3_vocab,V04000,tokenizer vocab-size sweep vocab=4000,vocab_size,4000,exploratory,4000,2,512,4,512,8,8,0.1,4,True,gelu,sdpa,False,True,0.02,0.0003,0.05,1.0,50,,41,2,321
phase3_vocab,V04000,tokenizer vocab-size sweep vocab=4000,vocab_size,4000,exploratory,4000,2,512,4,512,8,8,0.1,4,True,gelu,sdpa,False,True,0.02,0.0003,0.05,1.0,50,,42,3,777
phase3_vocab,V06000,tokenizer vocab-size sweep vocab=6000,vocab_size,6000,exploratory,6000,2,512,4,512,8,8,0.1,4,True,gelu,sdpa,False,True,0.02,0.0003,0.05,1.0,50,,43,1,123
phase3_vocab,V06000,tokenizer vocab-size sweep vocab=6000,vocab_size,6000,exploratory,6000,2,512,4,512,8,8,0.1,4,True,gelu,sdpa,False,True,0.02,0.0003,0.05,1.0,50,,44,2,321
phase3_vocab,V06000,tokenizer vocab-size sweep vocab=6000,vocab_size,6000,exploratory,6000,2,512,4,512,8,8,0.1,4,True,gelu,sdpa,False,True,0.02,0.0003,0.05,1.0,50,,45,3,777
phase3_vocab,V08000,tokenizer vocab-size sweep vocab=8000,vocab_size,8000,exploratory,8000,2,512,4,512,8,8,0.1,4,True,gelu,sdpa,False,True,0.02,0.0003,0.05,1.0,50,,46,1,123
phase3_vocab,V08000,tokenizer vocab-size sweep vocab=8000,vocab_size,8000,exploratory,8000,2,512,4,512,8,8,0.1,4,True,gelu,sdpa,False,True,0.02,0.0003,0.05,1.0,50,,47,2,321
phase3_vocab,V08000,tokenizer vocab-size sweep vocab=8000,vocab_size,8000,exploratory,8000,2,512,4,512,8,8,0.1,4,True,gelu,sdpa,False,True,0.02,0.0003,0.05,1.0,50,,48,3,777
phase3_vocab,V10000,tokenizer vocab-size sweep vocab=10000,vocab_size,10000,exploratory,10000,2,512,4,512,8,8,0.1,4,True,gelu,sdpa,False,True,0.02,0.0003,0.05,1.0,50,,49,1,123
phase3_vocab,V10000,tokenizer vocab-size sweep vocab=10000,vocab_size,10000,exploratory,10000,2,512,4,512,8,8,0.1,4,True,gelu,sdpa,False,True,0.02,0.0003,0.05,1.0,50,,50,2,321
phase3_vocab,V10000,tokenizer vocab-size sweep vocab=10000,vocab_size,10000,exploratory,10000,2,512,4,512,8,8,0.1,4,True,gelu,sdpa,False,True,0.02,0.0003,0.05,1.0,50,,51,3,777
phase3_vocab,V12000,tokenizer vocab-size sweep vocab=12000,vocab_size,12000,exploratory,12000,2,512,4,512,8,8,0.1,4,True,gelu,sdpa,False,True,0.02,0.0003,0.05,1.0,50,,52,1,123
phase3_vocab,V12000,tokenizer vocab-size sweep vocab=12000,vocab_size,12000,exploratory,12000,2,512,4,512,8,8,0.1,4,True,gelu,sdpa,False,True,0.02,0.0003,0.05,1.0,50,,53,2,321
phase3_vocab,V12000,tokenizer vocab-size sweep vocab=12000,vocab_size,12000,exploratory,12000,2,512,4,512,8,8,0.1,4,True,gelu,sdpa,False,True,0.02,0.0003,0.05,1.0,50,,54,3,777
phase3_vocab,V16000,tokenizer vocab-size sweep vocab=16000,vocab_size,16000,exploratory,16000,2,512,4,512,8,8,0.1,4,True,gelu,sdpa,False,True,0.02,0.0003,0.05,1.0,50,,55,1,123
phase3_vocab,V16000,tokenizer vocab-size sweep vocab=16000,vocab_size,16000,exploratory,16000,2,512,4,512,8,8,0.1,4,True,gelu,sdpa,False,True,0.02,0.0003,0.05,1.0,50,,56,2,321
phase3_vocab,V16000,tokenizer vocab-size sweep vocab=16000,vocab_size,16000,exploratory,16000,2,512,4,512,8,8,0.1,4,True,gelu,sdpa,False,True,0.02,0.0003,0.05,1.0,50,,57,3,777
phase3_vocab,V20000,tokenizer vocab-size sweep vocab=20000,vocab_size,20000,exploratory,20000,2,512,4,512,8,8,0.1,4,True,gelu,sdpa,False,True,0.02,0.0003,0.05,1.0,50,,58,1,123
phase3_vocab,V20000,tokenizer vocab-size sweep vocab=20000,vocab_size,20000,exploratory,20000,2,512,4,512,8,8,0.1,4,True,gelu,sdpa,False,True,0.02,0.0003,0.05,1.0,50,,59,2,321
phase3_vocab,V20000,tokenizer vocab-size sweep vocab=20000,vocab_size,20000,exploratory,20000,2,512,4,512,8,8,0.1,4,True,gelu,sdpa,False,True,0.02,0.0003,0.05,1.0,50,,60,3,777
phase3_vocab,V24000,tokenizer vocab-size sweep vocab=24000,vocab_size,24000,exploratory,24000,2,512,4,512,8,8,0.1,4,True,gelu,sdpa,False,True,0.02,0.0003,0.05,1.0,50,,61,1,123
phase3_vocab,V24000,tokenizer vocab-size sweep vocab=24000,vocab_size,24000,exploratory,24000,2,512,4,512,8,8,0.1,4,True,gelu,sdpa,False,True,0.02,0.0003,0.05,1.0,50,,62,2,321
phase3_vocab,V24000,tokenizer vocab-size sweep vocab=24000,vocab_size,24000,exploratory,24000,2,512,4,512,8,8,0.1,4,True,gelu,sdpa,False,True,0.02,0.0003,0.05,1.0,50,,63,3,777
phase3_vocab,V32000,tokenizer vocab-size sweep vocab=32000,vocab_size,32000,exploratory,32000,2,512,4,512,8,8,0.1,4,True,gelu,sdpa,False,True,0.02,0.0003,0.05,1.0,50,,64,1,123
phase3_vocab,V32000,tokenizer vocab-size sweep vocab=32000,vocab_size,32000,exploratory,32000,2,512,4,512,8,8,0.1,4,True,gelu,sdpa,False,True,0.02,0.0003,0.05,1.0,50,,65,2,321
phase3_vocab,V32000,tokenizer vocab-size sweep vocab=32000,vocab_size,32000,exploratory,32000,2,512,4,512,8,8,0.1,4,True,gelu,sdpa,False,True,0.02,0.0003,0.05,1.0,50,,66,3,777
phase3_vocab,V40000,tokenizer vocab-size sweep vocab=40000,vocab_size,40000,exploratory,40000,2,512,4,512,8,8,0.1,4,True,gelu,sdpa,False,True,0.02,0.0003,0.05,1.0,50,,67,1,123
phase3_vocab,V40000,tokenizer vocab-size sweep vocab=40000,vocab_size,40000,exploratory,40000,2,512,4,512,8,8,0.1,4,True,gelu,sdpa,False,True,0.02,0.0003,0.05,1.0,50,,68,2,321
phase3_vocab,V40000,tokenizer vocab-size sweep vocab=40000,vocab_size,40000,exploratory,40000,2,512,4,512,8,8,0.1,4,True,gelu,sdpa,False,True,0.02,0.0003,0.05,1.0,50,,69,3,777
phase3_vocab,V48000,tokenizer vocab-size sweep vocab=48000,vocab_size,48000,exploratory,48000,2,512,4,512,8,8,0.1,4,True,gelu,sdpa,False,True,0.02,0.0003,0.05,1.0,50,,70,1,123
phase3_vocab,V48000,tokenizer vocab-size sweep vocab=48000,vocab_size,48000,exploratory,48000,2,512,4,512,8,8,0.1,4,True,gelu,sdpa,False,True,0.02,0.0003,0.05,1.0,50,,71,2,321
phase3_vocab,V48000,tokenizer vocab-size sweep vocab=48000,vocab_size,48000,exploratory,48000,2,512,4,512,8,8,0.1,4,True,gelu,sdpa,False,True,0.02,0.0003,0.05,1.0,50,,72,3,777
phase3_vocab,V56000,tokenizer vocab-size sweep vocab=56000,vocab_size,56000,exploratory,56000,2,512,4,512,8,8,0.1,4,True,gelu,sdpa,False,True,0.02,0.0003,0.05,1.0,50,,73,1,123
phase3_vocab,V56000,tokenizer vocab-size sweep vocab=56000,vocab_size,56000,exploratory,56000,2,512,4,512,8,8,0.1,4,True,gelu,sdpa,False,True,0.02,0.0003,0.05,1.0,50,,74,2,321
phase3_vocab,V56000,tokenizer vocab-size sweep vocab=56000,vocab_size,56000,exploratory,56000,2,512,4,512,8,8,0.1,4,True,gelu,sdpa,False,True,0.02,0.0003,0.05,1.0,50,,75,3,777
phase3_vocab,V64000,tokenizer vocab-size sweep vocab=64000,vocab_size,64000,exploratory,64000,2,512,4,512,8,8,0.1,4,True,gelu,sdpa,False,True,0.02,0.0003,0.05,1.0,50,,76,1,123
phase3_vocab,V64000,tokenizer vocab-size sweep vocab=64000,vocab_size,64000,exploratory,64000,2,512,4,512,8,8,0.1,4,True,gelu,sdpa,False,True,0.02,0.0003,0.05,1.0,50,,77,2,321
phase3_vocab,V64000,tokenizer vocab-size sweep vocab=64000,vocab_size,64000,exploratory,64000,2,512,4,512,8,8,0.1,4,True,gelu,sdpa,False,True,0.02,0.0003,0.05,1.0,50,,78,3,777
phase4_tokenizer_granularity,MF001,BPE merge min-frequency sweep min_frequency=1,tokenizer_min_frequency,1,exploratory,20000,1,512,4,512,8,8,0.1,4,True,gelu,sdpa,False,True,0.02,0.0003,0.05,1.0,50,,79,1,123
phase4_tokenizer_granularity,MF001,BPE merge min-frequency sweep min_frequency=1,tokenizer_min_frequency,1,exploratory,20000,1,512,4,512,8,8,0.1,4,True,gelu,sdpa,False,True,0.02,0.0003,0.05,1.0,50,,80,2,321
phase4_tokenizer_granularity,MF001,BPE merge min-frequency sweep min_frequency=1,tokenizer_min_frequency,1,exploratory,20000,1,512,4,512,8,8,0.1,4,True,gelu,sdpa,False,True,0.02,0.0003,0.05,1.0,50,,81,3,777
phase4_tokenizer_granularity,MF002,BPE merge min-frequency sweep min_frequency=2,tokenizer_min_frequency,2,exploratory,20000,2,512,4,512,8,8,0.1,4,True,gelu,sdpa,False,True,0.02,0.0003,0.05,1.0,50,,82,1,123
phase4_tokenizer_granularity,MF002,BPE merge min-frequency sweep min_frequency=2,tokenizer_min_frequency,2,exploratory,20000,2,512,4,512,8,8,0.1,4,True,gelu,sdpa,False,True,0.02,0.0003,0.05,1.0,50,,83,2,321
phase4_tokenizer_granularity,MF002,BPE merge min-frequency sweep min_frequency=2,tokenizer_min_frequency,2,exploratory,20000,2,512,4,512,8,8,0.1,4,True,gelu,sdpa,False,True,0.02,0.0003,0.05,1.0,50,,84,3,777
phase4_tokenizer_granularity,MF003,BPE merge min-frequency sweep min_frequency=3,tokenizer_min_frequency,3,exploratory,20000,3,512,4,512,8,8,0.1,4,True,gelu,sdpa,False,True,0.02,0.0003,0.05,1.0,50,,85,1,123
phase4_tokenizer_granularity,MF003,BPE merge min-frequency sweep min_frequency=3,tokenizer_min_frequency,3,exploratory,20000,3,512,4,512,8,8,0.1,4,True,gelu,sdpa,False,True,0.02,0.0003,0.05,1.0,50,,86,2,321
phase4_tokenizer_granularity,MF003,BPE merge min-frequency sweep min_frequency=3,tokenizer_min_frequency,3,exploratory,20000,3,512,4,512,8,8,0.1,4,True,gelu,sdpa,False,True,0.02,0.0003,0.05,1.0,50,,87,3,777
phase4_tokenizer_granularity,MF004,BPE merge min-frequency sweep min_frequency=4,tokenizer_min_frequency,4,exploratory,20000,4,512,4,512,8,8,0.1,4,True,gelu,sdpa,False,True,0.02,0.0003,0.05,1.0,50,,88,1,123
phase4_tokenizer_granularity,MF004,BPE merge min-frequency sweep min_frequency=4,tokenizer_min_frequency,4,exploratory,20000,4,512,4,512,8,8,0.1,4,True,gelu,sdpa,False,True,0.02,0.0003,0.05,1.0,50,,89,2,321
phase4_tokenizer_granularity,MF004,BPE merge min-frequency sweep min_frequency=4,tokenizer_min_frequency,4,exploratory,20000,4,512,4,512,8,8,0.1,4,True,gelu,sdpa,False,True,0.02,0.0003,0.05,1.0,50,,90,3,777
phase4_tokenizer_granularity,MF005,BPE merge min-frequency sweep min_frequency=5,tokenizer_min_frequency,5,exploratory,20000,5,512,4,512,8,8,0.1,4,True,gelu,sdpa,False,True,0.02,0.0003,0.05,1.0,50,,91,1,123
phase4_tokenizer_granularity,MF005,BPE merge min-frequency sweep min_frequency=5,tokenizer_min_frequency,5,exploratory,20000,5,512,4,512,8,8,0.1,4,True,gelu,sdpa,False,True,0.02,0.0003,0.05,1.0,50,,92,2,321
phase4_tokenizer_granularity,MF005,BPE merge min-frequency sweep min_frequency=5,tokenizer_min_frequency,5,exploratory,20000,5,512,4,512,8,8,0.1,4,True,gelu,sdpa,False,True,0.02,0.0003,0.05,1.0,50,,93,3,777
phase4_tokenizer_granularity,MF008,BPE merge min-frequency sweep min_frequency=8,tokenizer_min_frequency,8,exploratory,20000,8,512,4,512,8,8,0.1,4,True,gelu,sdpa,False,True,0.02,0.0003,0.05,1.0,50,,94,1,123
phase4_tokenizer_granularity,MF008,BPE merge min-frequency sweep min_frequency=8,tokenizer_min_frequency,8,exploratory,20000,8,512,4,512,8,8,0.1,4,True,gelu,sdpa,False,True,0.02,0.0003,0.05,1.0,50,,95,2,321
phase4_tokenizer_granularity,MF008,BPE merge min-frequency sweep min_frequency=8,tokenizer_min_frequency,8,exploratory,20000,8,512,4,512,8,8,0.1,4,True,gelu,sdpa,False,True,0.02,0.0003,0.05,1.0,50,,96,3,777
phase4_tokenizer_granularity,MF013,BPE merge min-frequency sweep min_frequency=13,tokenizer_min_frequency,13,exploratory,20000,13,512,4,512,8,8,0.1,4,True,gelu,sdpa,False,True,0.02,0.0003,0.05,1.0,50,,97,1,123
phase4_tokenizer_granularity,MF013,BPE merge min-frequency sweep min_frequency=13,tokenizer_min_frequency,13,exploratory,20000,13,512,4,512,8,8,0.1,4,True,gelu,sdpa,False,True,0.02,0.0003,0.05,1.0,50,,98,2,321
phase4_tokenizer_granularity,MF013,BPE merge min-frequency sweep min_frequency=13,tokenizer_min_frequency,13,exploratory,20000,13,512,4,512,8,8,0.1,4,True,gelu,sdpa,False,True,0.02,0.0003,0.05,1.0,50,,99,3,777
phase4_tokenizer_granularity,MF021,BPE merge min-frequency sweep min_frequency=21,tokenizer_min_frequency,21,exploratory,20000,21,512,4,512,8,8,0.1,4,True,gelu,sdpa,False,True,0.02,0.0003,0.05,1.0,50,,100,1,123
phase4_tokenizer_granularity,MF021,BPE merge min-frequency sweep min_frequency=21,tokenizer_min_frequency,21,exploratory,20000,21,512,4,512,8,8,0.1,4,True,gelu,sdpa,False,True,0.02,0.0003,0.05,1.0,50,,101,2,321
phase4_tokenizer_granularity,MF021,BPE merge min-frequency sweep min_frequency=21,tokenizer_min_frequency,21,exploratory,20000,21,512,4,512,8,8,0.1,4,True,gelu,sdpa,False,True,0.02,0.0003,0.05,1.0,50,,102,3,777
phase4_tokenizer_granularity,MF034,BPE merge min-frequency sweep min_frequency=34,tokenizer_min_frequency,34,exploratory,20000,34,512,4,512,8,8,0.1,4,True,gelu,sdpa,False,True,0.02,0.0003,0.05,1.0,50,,103,1,123
phase4_tokenizer_granularity,MF034,BPE merge min-frequency sweep min_frequency=34,tokenizer_min_frequency,34,exploratory,20000,34,512,4,512,8,8,0.1,4,True,gelu,sdpa,False,True,0.02,0.0003,0.05,1.0,50,,104,2,321
phase4_tokenizer_granularity,MF034,BPE merge min-frequency sweep min_frequency=34,tokenizer_min_frequency,34,exploratory,20000,34,512,4,512,8,8,0.1,4,True,gelu,sdpa,False,True,0.02,0.0003,0.05,1.0,50,,105,3,777
phase4_tokenizer_granularity,MF055,BPE merge min-frequency sweep min_frequency=55,tokenizer_min_frequency,55,exploratory,20000,55,512,4,512,8,8,0.1,4,True,gelu,sdpa,False,True,0.02,0.0003,0.05,1.0,50,,106,1,123
phase4_tokenizer_granularity,MF055,BPE merge min-frequency sweep min_frequency=55,tokenizer_min_frequency,55,exploratory,20000,55,512,4,512,8,8,0.1,4,True,gelu,sdpa,False,True,0.02,0.0003,0.05,1.0,50,,107,2,321
phase4_tokenizer_granularity,MF055,BPE merge min-frequency sweep min_frequency=55,tokenizer_min_frequency,55,exploratory,20000,55,512,4,512,8,8,0.1,4,True,gelu,sdpa,False,True,0.02,0.0003,0.05,1.0,50,,108,3,777
phase5_capacity,M031,capacity growth sweep 31M baseline,capacity,31M baseline,exploratory,12000,2,512,4,512,8,8,0.1,4,True,gelu,sdpa,False,True,0.02,0.0003,0.05,1.0,50,,109,1,123
phase5_capacity,M031,capacity growth sweep 31M baseline,capacity,31M baseline,exploratory,12000,2,512,4,512,8,8,0.1,4,True,gelu,sdpa,False,True,0.02,0.0003,0.05,1.0,50,,110,2,321
phase5_capacity,M031,capacity growth sweep 31M baseline,capacity,31M baseline,exploratory,12000,2,512,4,512,8,8,0.1,4,True,gelu,sdpa,False,True,0.02,0.0003,0.05,1.0,50,,111,3,777
phase5_capacity,M044,capacity growth sweep 44M deeper,capacity,44M deeper,exploratory,12000,2,512,4,512,8,12,0.1,4,True,gelu,sdpa,False,True,0.02,0.0003,0.05,1.0,50,,112,1,123
phase5_capacity,M044,capacity growth sweep 44M deeper,capacity,44M deeper,exploratory,12000,2,512,4,512,8,12,0.1,4,True,gelu,sdpa,False,True,0.02,0.0003,0.05,1.0,50,,113,2,321
phase5_capacity,M044,capacity growth sweep 44M deeper,capacity,44M deeper,exploratory,12000,2,512,4,512,8,12,0.1,4,True,gelu,sdpa,False,True,0.02,0.0003,0.05,1.0,50,,114,3,777
phase5_capacity,M057,capacity growth sweep 57M deepest 512-width,capacity,57M deepest 512-width,exploratory,12000,2,512,4,512,8,16,0.1,4,True,gelu,sdpa,False,True,0.02,0.0003,0.05,1.0,50,,115,1,123
phase5_capacity,M057,capacity growth sweep 57M deepest 512-width,capacity,57M deepest 512-width,exploratory,12000,2,512,4,512,8,16,0.1,4,True,gelu,sdpa,False,True,0.02,0.0003,0.05,1.0,50,,116,2,321
phase5_capacity,M057,capacity growth sweep 57M deepest 512-width,capacity,57M deepest 512-width,exploratory,12000,2,512,4,512,8,16,0.1,4,True,gelu,sdpa,False,True,0.02,0.0003,0.05,1.0,50,,117,3,777
phase5_capacity,M066,capacity growth sweep 66M wider,capacity,66M wider,exploratory,12000,2,512,4,768,12,8,0.1,4,True,gelu,sdpa,False,True,0.02,0.0003,0.05,1.0,50,,118,1,123
phase5_capacity,M066,capacity growth sweep 66M wider,capacity,66M wider,exploratory,12000,2,512,4,768,12,8,0.1,4,True,gelu,sdpa,False,True,0.02,0.0003,0.05,1.0,50,,119,2,321
phase5_capacity,M066,capacity growth sweep 66M wider,capacity,66M wider,exploratory,12000,2,512,4,768,12,8,0.1,4,True,gelu,sdpa,False,True,0.02,0.0003,0.05,1.0,50,,120,3,777
phase5_capacity,M098,capacity growth sweep 98M wide-deep,capacity,98M wide-deep,exploratory,12000,2,512,4,768,12,12,0.1,4,True,gelu,sdpa,False,True,0.02,0.0003,0.05,1.0,50,,121,1,123
phase5_capacity,M098,capacity growth sweep 98M wide-deep,capacity,98M wide-deep,exploratory,12000,2,512,4,768,12,12,0.1,4,True,gelu,sdpa,False,True,0.02,0.0003,0.05,1.0,50,,122,2,321
phase5_capacity,M098,capacity growth sweep 98M wide-deep,capacity,98M wide-deep,exploratory,12000,2,512,4,768,12,12,0.1,4,True,gelu,sdpa,False,True,0.02,0.0003,0.05,1.0,50,,123,3,777
phase5_capacity,M130,capacity growth sweep 130M widest-deep 768-width,capacity,130M widest-deep 768-width,exploratory,12000,2,512,4,768,12,16,0.1,4,True,gelu,sdpa,False,True,0.02,0.0003,0.05,1.0,50,,124,1,123
phase5_capacity,M130,capacity growth sweep 130M widest-deep 768-width,capacity,130M widest-deep 768-width,exploratory,12000,2,512,4,768,12,16,0.1,4,True,gelu,sdpa,False,True,0.02,0.0003,0.05,1.0,50,,125,2,321
phase5_capacity,M130,capacity growth sweep 130M widest-deep 768-width,capacity,130M widest-deep 768-width,exploratory,12000,2,512,4,768,12,16,0.1,4,True,gelu,sdpa,False,True,0.02,0.0003,0.05,1.0,50,,126,3,777
phase5_capacity,M110,capacity growth sweep 110M 1024-width,capacity,110M 1024-width,exploratory,12000,2,512,4,1024,16,8,0.1,4,True,gelu,sdpa,False,True,0.02,0.0003,0.05,1.0,50,,127,1,123
phase5_capacity,M110,capacity growth sweep 110M 1024-width,capacity,110M 1024-width,exploratory,12000,2,512,4,1024,16,8,0.1,4,True,gelu,sdpa,False,True,0.02,0.0003,0.05,1.0,50,,128,2,321
phase5_capacity,M110,capacity growth sweep 110M 1024-width,capacity,110M 1024-width,exploratory,12000,2,512,4,1024,16,8,0.1,4,True,gelu,sdpa,False,True,0.02,0.0003,0.05,1.0,50,,129,3,777
phase5_capacity,M160,capacity growth sweep 160M 1024-width deep,capacity,160M 1024-width deep,exploratory,12000,2,512,4,1024,16,12,0.1,4,True,gelu,sdpa,False,True,0.02,0.0003,0.05,1.0,50,,130,1,123
phase5_capacity,M160,capacity growth sweep 160M 1024-width deep,capacity,160M 1024-width deep,exploratory,12000,2,512,4,1024,16,12,0.1,4,True,gelu,sdpa,False,True,0.02,0.0003,0.05,1.0,50,,131,2,321
phase5_capacity,M160,capacity growth sweep 160M 1024-width deep,capacity,160M 1024-width deep,exploratory,12000,2,512,4,1024,16,12,0.1,4,True,gelu,sdpa,False,True,0.02,0.0003,0.05,1.0,50,,132,3,777
phase5_capacity,M210,capacity growth sweep 210M 1024-width deepest,capacity,210M 1024-width deepest,exploratory,12000,2,512,4,1024,16,16,0.1,4,True,gelu,sdpa,False,True,0.02,0.0003,0.05,1.0,50,,133,1,123
phase5_capacity,M210,capacity growth sweep 210M 1024-width deepest,capacity,210M 1024-width deepest,exploratory,12000,2,512,4,1024,16,16,0.1,4,True,gelu,sdpa,False,True,0.02,0.0003,0.05,1.0,50,,134,2,321
phase5_capacity,M210,capacity growth sweep 210M 1024-width deepest,capacity,210M 1024-width deepest,exploratory,12000,2,512,4,1024,16,16,0.1,4,True,gelu,sdpa,False,True,0.02,0.0003,0.05,1.0,50,,135,3,777
phase5_capacity,M240,capacity growth sweep 240M 1280-width deep,capacity,240M 1280-width deep,exploratory,12000,2,512,4,1280,20,12,0.1,4,True,gelu,sdpa,False,True,0.02,0.0003,0.05,1.0,50,,136,1,123
phase5_capacity,M240,capacity growth sweep 240M 1280-width deep,capacity,240M 1280-width deep,exploratory,12000,2,512,4,1280,20,12,0.1,4,True,gelu,sdpa,False,True,0.02,0.0003,0.05,1.0,50,,137,2,321
phase5_capacity,M240,capacity growth sweep 240M 1280-width deep,capacity,240M 1280-width deep,exploratory,12000,2,512,4,1280,20,12,0.1,4,True,gelu,sdpa,False,True,0.02,0.0003,0.05,1.0,50,,138,3,777
phase6_context,CTX0256,context-length growth sweep context=256,context_length,256,exploratory,12000,2,256,4,512,8,8,0.1,4,True,gelu,sdpa,False,True,0.02,0.0003,0.05,1.0,50,,139,1,123
phase6_context,CTX0256,context-length growth sweep context=256,context_length,256,exploratory,12000,2,256,4,512,8,8,0.1,4,True,gelu,sdpa,False,True,0.02,0.0003,0.05,1.0,50,,140,2,321
phase6_context,CTX0256,context-length growth sweep context=256,context_length,256,exploratory,12000,2,256,4,512,8,8,0.1,4,True,gelu,sdpa,False,True,0.02,0.0003,0.05,1.0,50,,141,3,777
phase6_context,CTX0384,context-length growth sweep context=384,context_length,384,exploratory,12000,2,384,4,512,8,8,0.1,4,True,gelu,sdpa,False,True,0.02,0.0003,0.05,1.0,50,,142,1,123
phase6_context,CTX0384,context-length growth sweep context=384,context_length,384,exploratory,12000,2,384,4,512,8,8,0.1,4,True,gelu,sdpa,False,True,0.02,0.0003,0.05,1.0,50,,143,2,321
phase6_context,CTX0384,context-length growth sweep context=384,context_length,384,exploratory,12000,2,384,4,512,8,8,0.1,4,True,gelu,sdpa,False,True,0.02,0.0003,0.05,1.0,50,,144,3,777
phase6_context,CTX0512,context-length growth sweep context=512,context_length,512,exploratory,12000,2,512,4,512,8,8,0.1,4,True,gelu,sdpa,False,True,0.02,0.0003,0.05,1.0,50,,145,1,123
phase6_context,CTX0512,context-length growth sweep context=512,context_length,512,exploratory,12000,2,512,4,512,8,8,0.1,4,True,gelu,sdpa,False,True,0.02,0.0003,0.05,1.0,50,,146,2,321
phase6_context,CTX0512,context-length growth sweep context=512,context_length,512,exploratory,12000,2,512,4,512,8,8,0.1,4,True,gelu,sdpa,False,True,0.02,0.0003,0.05,1.0,50,,147,3,777
phase6_context,CTX0640,context-length growth sweep context=640,context_length,640,exploratory,12000,2,640,4,512,8,8,0.1,4,True,gelu,sdpa,False,True,0.02,0.0003,0.05,1.0,50,,148,1,123
phase6_context,CTX0640,context-length growth sweep context=640,context_length,640,exploratory,12000,2,640,4,512,8,8,0.1,4,True,gelu,sdpa,False,True,0.02,0.0003,0.05,1.0,50,,149,2,321
phase6_context,CTX0640,context-length growth sweep context=640,context_length,640,exploratory,12000,2,640,4,512,8,8,0.1,4,True,gelu,sdpa,False,True,0.02,0.0003,0.05,1.0,50,,150,3,777
phase6_context,CTX0768,context-length growth sweep context=768,context_length,768,exploratory,12000,2,768,4,512,8,8,0.1,4,True,gelu,sdpa,False,True,0.02,0.0003,0.05,1.0,50,,151,1,123
phase6_context,CTX0768,context-length growth sweep context=768,context_length,768,exploratory,12000,2,768,4,512,8,8,0.1,4,True,gelu,sdpa,False,True,0.02,0.0003,0.05,1.0,50,,152,2,321
phase6_context,CTX0768,context-length growth sweep context=768,context_length,768,exploratory,12000,2,768,4,512,8,8,0.1,4,True,gelu,sdpa,False,True,0.02,0.0003,0.05,1.0,50,,153,3,777
phase6_context,CTX1024,context-length growth sweep context=1024,context_length,1024,exploratory,12000,2,1024,4,512,8,8,0.1,4,True,gelu,sdpa,False,True,0.02,0.0003,0.05,1.0,50,,154,1,123
phase6_context,CTX1024,context-length growth sweep context=1024,context_length,1024,exploratory,12000,2,1024,4,512,8,8,0.1,4,True,gelu,sdpa,False,True,0.02,0.0003,0.05,1.0,50,,155,2,321
phase6_context,CTX1024,context-length growth sweep context=1024,context_length,1024,exploratory,12000,2,1024,4,512,8,8,0.1,4,True,gelu,sdpa,False,True,0.02,0.0003,0.05,1.0,50,,156,3,777
phase6_context,CTX1280,context-length growth sweep context=1280,context_length,1280,exploratory,12000,2,1280,4,512,8,8,0.1,4,True,gelu,sdpa,False,True,0.02,0.0003,0.05,1.0,50,,157,1,123
phase6_context,CTX1280,context-length growth sweep context=1280,context_length,1280,exploratory,12000,2,1280,4,512,8,8,0.1,4,True,gelu,sdpa,False,True,0.02,0.0003,0.05,1.0,50,,158,2,321
phase6_context,CTX1280,context-length growth sweep context=1280,context_length,1280,exploratory,12000,2,1280,4,512,8,8,0.1,4,True,gelu,sdpa,False,True,0.02,0.0003,0.05,1.0,50,,159,3,777
phase6_context,CTX1536,context-length growth sweep context=1536,context_length,1536,exploratory,12000,2,1536,4,512,8,8,0.1,4,True,gelu,sdpa,False,True,0.02,0.0003,0.05,1.0,50,,160,1,123
phase6_context,CTX1536,context-length growth sweep context=1536,context_length,1536,exploratory,12000,2,1536,4,512,8,8,0.1,4,True,gelu,sdpa,False,True,0.02,0.0003,0.05,1.0,50,,161,2,321
phase6_context,CTX1536,context-length growth sweep context=1536,context_length,1536,exploratory,12000,2,1536,4,512,8,8,0.1,4,True,gelu,sdpa,False,True,0.02,0.0003,0.05,1.0,50,,162,3,777
phase6_context,CTX2048,context-length growth sweep context=2048,context_length,2048,exploratory,12000,2,2048,4,512,8,8,0.1,4,True,gelu,sdpa,False,True,0.02,0.0003,0.05,1.0,50,,163,1,123
phase6_context,CTX2048,context-length growth sweep context=2048,context_length,2048,exploratory,12000,2,2048,4,512,8,8,0.1,4,True,gelu,sdpa,False,True,0.02,0.0003,0.05,1.0,50,,164,2,321
phase6_context,CTX2048,context-length growth sweep context=2048,context_length,2048,exploratory,12000,2,2048,4,512,8,8,0.1,4,True,gelu,sdpa,False,True,0.02,0.0003,0.05,1.0,50,,165,3,777
phase7_batch_size,BS001,batch-size sweep batch_size=1,batch_size,1,exploratory,12000,2,512,1,512,8,8,0.1,4,True,gelu,sdpa,False,True,0.02,0.0003,0.05,1.0,50,,166,1,123
phase7_batch_size,BS001,batch-size sweep batch_size=1,batch_size,1,exploratory,12000,2,512,1,512,8,8,0.1,4,True,gelu,sdpa,False,True,0.02,0.0003,0.05,1.0,50,,167,2,321
phase7_batch_size,BS001,batch-size sweep batch_size=1,batch_size,1,exploratory,12000,2,512,1,512,8,8,0.1,4,True,gelu,sdpa,False,True,0.02,0.0003,0.05,1.0,50,,168,3,777
phase7_batch_size,BS002,batch-size sweep batch_size=2,batch_size,2,exploratory,12000,2,512,2,512,8,8,0.1,4,True,gelu,sdpa,False,True,0.02,0.0003,0.05,1.0,50,,169,1,123
phase7_batch_size,BS002,batch-size sweep batch_size=2,batch_size,2,exploratory,12000,2,512,2,512,8,8,0.1,4,True,gelu,sdpa,False,True,0.02,0.0003,0.05,1.0,50,,170,2,321
phase7_batch_size,BS002,batch-size sweep batch_size=2,batch_size,2,exploratory,12000,2,512,2,512,8,8,0.1,4,True,gelu,sdpa,False,True,0.02,0.0003,0.05,1.0,50,,171,3,777
phase7_batch_size,BS004,batch-size sweep batch_size=4,batch_size,4,exploratory,12000,2,512,4,512,8,8,0.1,4,True,gelu,sdpa,False,True,0.02,0.0003,0.05,1.0,50,,172,1,123
phase7_batch_size,BS004,batch-size sweep batch_size=4,batch_size,4,exploratory,12000,2,512,4,512,8,8,0.1,4,True,gelu,sdpa,False,True,0.02,0.0003,0.05,1.0,50,,173,2,321
phase7_batch_size,BS004,batch-size sweep batch_size=4,batch_size,4,exploratory,12000,2,512,4,512,8,8,0.1,4,True,gelu,sdpa,False,True,0.02,0.0003,0.05,1.0,50,,174,3,777
phase7_batch_size,BS008,batch-size sweep batch_size=8,batch_size,8,exploratory,12000,2,512,8,512,8,8,0.1,4,True,gelu,sdpa,False,True,0.02,0.0003,0.05,1.0,50,,175,1,123
phase7_batch_size,BS008,batch-size sweep batch_size=8,batch_size,8,exploratory,12000,2,512,8,512,8,8,0.1,4,True,gelu,sdpa,False,True,0.02,0.0003,0.05,1.0,50,,176,2,321
phase7_batch_size,BS008,batch-size sweep batch_size=8,batch_size,8,exploratory,12000,2,512,8,512,8,8,0.1,4,True,gelu,sdpa,False,True,0.02,0.0003,0.05,1.0,50,,177,3,777
phase7_batch_size,BS016,batch-size sweep batch_size=16,batch_size,16,exploratory,12000,2,512,16,512,8,8,0.1,4,True,gelu,sdpa,False,True,0.02,0.0003,0.05,1.0,50,,178,1,123
phase7_batch_size,BS016,batch-size sweep batch_size=16,batch_size,16,exploratory,12000,2,512,16,512,8,8,0.1,4,True,gelu,sdpa,False,True,0.02,0.0003,0.05,1.0,50,,179,2,321
phase7_batch_size,BS016,batch-size sweep batch_size=16,batch_size,16,exploratory,12000,2,512,16,512,8,8,0.1,4,True,gelu,sdpa,False,True,0.02,0.0003,0.05,1.0,50,,180,3,777
phase8_dropout,DO000,dropout sweep dropout=0,drop_rate,0,exploratory,12000,2,512,4,512,8,8,0.0,4,True,gelu,sdpa,False,True,0.02,0.0003,0.05,1.0,50,,181,1,123
phase8_dropout,DO000,dropout sweep dropout=0,drop_rate,0,exploratory,12000,2,512,4,512,8,8,0.0,4,True,gelu,sdpa,False,True,0.02,0.0003,0.05,1.0,50,,182,2,321
phase8_dropout,DO000,dropout sweep dropout=0,drop_rate,0,exploratory,12000,2,512,4,512,8,8,0.0,4,True,gelu,sdpa,False,True,0.02,0.0003,0.05,1.0,50,,183,3,777
phase8_dropout,DO020,dropout sweep dropout=0.02,drop_rate,0.02,exploratory,12000,2,512,4,512,8,8,0.02,4,True,gelu,sdpa,False,True,0.02,0.0003,0.05,1.0,50,,184,1,123
phase8_dropout,DO020,dropout sweep dropout=0.02,drop_rate,0.02,exploratory,12000,2,512,4,512,8,8,0.02,4,True,gelu,sdpa,False,True,0.02,0.0003,0.05,1.0,50,,185,2,321
phase8_dropout,DO020,dropout sweep dropout=0.02,drop_rate,0.02,exploratory,12000,2,512,4,512,8,8,0.02,4,True,gelu,sdpa,False,True,0.02,0.0003,0.05,1.0,50,,186,3,777
phase8_dropout,DO030,dropout sweep dropout=0.03,drop_rate,0.03,exploratory,12000,2,512,4,512,8,8,0.03,4,True,gelu,sdpa,False,True,0.02,0.0003,0.05,1.0,50,,187,1,123
phase8_dropout,DO030,dropout sweep dropout=0.03,drop_rate,0.03,exploratory,12000,2,512,4,512,8,8,0.03,4,True,gelu,sdpa,False,True,0.02,0.0003,0.05,1.0,50,,188,2,321
phase8_dropout,DO030,dropout sweep dropout=0.03,drop_rate,0.03,exploratory,12000,2,512,4,512,8,8,0.03,4,True,gelu,sdpa,False,True,0.02,0.0003,0.05,1.0,50,,189,3,777
phase8_dropout,DO050,dropout sweep dropout=0.05,drop_rate,0.05,exploratory,12000,2,512,4,512,8,8,0.05,4,True,gelu,sdpa,False,True,0.02,0.0003,0.05,1.0,50,,190,1,123
phase8_dropout,DO050,dropout sweep dropout=0.05,drop_rate,0.05,exploratory,12000,2,512,4,512,8,8,0.05,4,True,gelu,sdpa,False,True,0.02,0.0003,0.05,1.0,50,,191,2,321
phase8_dropout,DO050,dropout sweep dropout=0.05,drop_rate,0.05,exploratory,12000,2,512,4,512,8,8,0.05,4,True,gelu,sdpa,False,True,0.02,0.0003,0.05,1.0,50,,192,3,777
phase8_dropout,DO080,dropout sweep dropout=0.08,drop_rate,0.08,exploratory,12000,2,512,4,512,8,8,0.08,4,True,gelu,sdpa,False,True,0.02,0.0003,0.05,1.0,50,,193,1,123
phase8_dropout,DO080,dropout sweep dropout=0.08,drop_rate,0.08,exploratory,12000,2,512,4,512,8,8,0.08,4,True,gelu,sdpa,False,True,0.02,0.0003,0.05,1.0,50,,194,2,321
phase8_dropout,DO080,dropout sweep dropout=0.08,drop_rate,0.08,exploratory,12000,2,512,4,512,8,8,0.08,4,True,gelu,sdpa,False,True,0.02,0.0003,0.05,1.0,50,,195,3,777
phase8_dropout,DO100,dropout sweep dropout=0.1,drop_rate,0.1,exploratory,12000,2,512,4,512,8,8,0.1,4,True,gelu,sdpa,False,True,0.02,0.0003,0.05,1.0,50,,196,1,123
phase8_dropout,DO100,dropout sweep dropout=0.1,drop_rate,0.1,exploratory,12000,2,512,4,512,8,8,0.1,4,True,gelu,sdpa,False,True,0.02,0.0003,0.05,1.0,50,,197,2,321
phase8_dropout,DO100,dropout sweep dropout=0.1,drop_rate,0.1,exploratory,12000,2,512,4,512,8,8,0.1,4,True,gelu,sdpa,False,True,0.02,0.0003,0.05,1.0,50,,198,3,777
phase8_dropout,DO120,dropout sweep dropout=0.12,drop_rate,0.12,exploratory,12000,2,512,4,512,8,8,0.12,4,True,gelu,sdpa,False,True,0.02,0.0003,0.05,1.0,50,,199,1,123
phase8_dropout,DO120,dropout sweep dropout=0.12,drop_rate,0.12,exploratory,12000,2,512,4,512,8,8,0.12,4,True,gelu,sdpa,False,True,0.02,0.0003,0.05,1.0,50,,200,2,321
phase8_dropout,DO120,dropout sweep dropout=0.12,drop_rate,0.12,exploratory,12000,2,512,4,512,8,8,0.12,4,True,gelu,sdpa,False,True,0.02,0.0003,0.05,1.0,50,,201,3,777
phase8_dropout,DO150,dropout sweep dropout=0.15,drop_rate,0.15,exploratory,12000,2,512,4,512,8,8,0.15,4,True,gelu,sdpa,False,True,0.02,0.0003,0.05,1.0,50,,202,1,123
phase8_dropout,DO150,dropout sweep dropout=0.15,drop_rate,0.15,exploratory,12000,2,512,4,512,8,8,0.15,4,True,gelu,sdpa,False,True,0.02,0.0003,0.05,1.0,50,,203,2,321
phase8_dropout,DO150,dropout sweep dropout=0.15,drop_rate,0.15,exploratory,12000,2,512,4,512,8,8,0.15,4,True,gelu,sdpa,False,True,0.02,0.0003,0.05,1.0,50,,204,3,777
phase8_dropout,DO200,dropout sweep dropout=0.2,drop_rate,0.2,exploratory,12000,2,512,4,512,8,8,0.2,4,True,gelu,sdpa,False,True,0.02,0.0003,0.05,1.0,50,,205,1,123
phase8_dropout,DO200,dropout sweep dropout=0.2,drop_rate,0.2,exploratory,12000,2,512,4,512,8,8,0.2,4,True,gelu,sdpa,False,True,0.02,0.0003,0.05,1.0,50,,206,2,321
phase8_dropout,DO200,dropout sweep dropout=0.2,drop_rate,0.2,exploratory,12000,2,512,4,512,8,8,0.2,4,True,gelu,sdpa,False,True,0.02,0.0003,0.05,1.0,50,,207,3,777
phase8_dropout,DO300,dropout sweep dropout=0.3,drop_rate,0.3,exploratory,12000,2,512,4,512,8,8,0.3,4,True,gelu,sdpa,False,True,0.02,0.0003,0.05,1.0,50,,208,1,123
phase8_dropout,DO300,dropout sweep dropout=0.3,drop_rate,0.3,exploratory,12000,2,512,4,512,8,8,0.3,4,True,gelu,sdpa,False,True,0.02,0.0003,0.05,1.0,50,,209,2,321
phase8_dropout,DO300,dropout sweep dropout=0.3,drop_rate,0.3,exploratory,12000,2,512,4,512,8,8,0.3,4,True,gelu,sdpa,False,True,0.02,0.0003,0.05,1.0,50,,210,3,777
phase8_dropout,DO400,dropout sweep dropout=0.4,drop_rate,0.4,exploratory,12000,2,512,4,512,8,8,0.4,4,True,gelu,sdpa,False,True,0.02,0.0003,0.05,1.0,50,,211,1,123
phase8_dropout,DO400,dropout sweep dropout=0.4,drop_rate,0.4,exploratory,12000,2,512,4,512,8,8,0.4,4,True,gelu,sdpa,False,True,0.02,0.0003,0.05,1.0,50,,212,2,321
phase8_dropout,DO400,dropout sweep dropout=0.4,drop_rate,0.4,exploratory,12000,2,512,4,512,8,8,0.4,4,True,gelu,sdpa,False,True,0.02,0.0003,0.05,1.0,50,,213,3,777
phase9_weight_decay,WD000,weight-decay sweep weight_decay=0,weight_decay,0,exploratory,12000,2,512,4,512,8,8,0.1,4,True,gelu,sdpa,False,True,0.02,0.0003,0.0,1.0,50,,214,1,123
phase9_weight_decay,WD000,weight-decay sweep weight_decay=0,weight_decay,0,exploratory,12000,2,512,4,512,8,8,0.1,4,True,gelu,sdpa,False,True,0.02,0.0003,0.0,1.0,50,,215,2,321
phase9_weight_decay,WD000,weight-decay sweep weight_decay=0,weight_decay,0,exploratory,12000,2,512,4,512,8,8,0.1,4,True,gelu,sdpa,False,True,0.02,0.0003,0.0,1.0,50,,216,3,777
phase9_weight_decay,WD005,weight-decay sweep weight_decay=0.005,weight_decay,0.005,exploratory,12000,2,512,4,512,8,8,0.1,4,True,gelu,sdpa,False,True,0.02,0.0003,0.005,1.0,50,,217,1,123
phase9_weight_decay,WD005,weight-decay sweep weight_decay=0.005,weight_decay,0.005,exploratory,12000,2,512,4,512,8,8,0.1,4,True,gelu,sdpa,False,True,0.02,0.0003,0.005,1.0,50,,218,2,321
phase9_weight_decay,WD005,weight-decay sweep weight_decay=0.005,weight_decay,0.005,exploratory,12000,2,512,4,512,8,8,0.1,4,True,gelu,sdpa,False,True,0.02,0.0003,0.005,1.0,50,,219,3,777
phase9_weight_decay,WD010,weight-decay sweep weight_decay=0.01,weight_decay,0.01,exploratory,12000,2,512,4,512,8,8,0.1,4,True,gelu,sdpa,False,True,0.02,0.0003,0.01,1.0,50,,220,1,123
phase9_weight_decay,WD010,weight-decay sweep weight_decay=0.01,weight_decay,0.01,exploratory,12000,2,512,4,512,8,8,0.1,4,True,gelu,sdpa,False,True,0.02,0.0003,0.01,1.0,50,,221,2,321
phase9_weight_decay,WD010,weight-decay sweep weight_decay=0.01,weight_decay,0.01,exploratory,12000,2,512,4,512,8,8,0.1,4,True,gelu,sdpa,False,True,0.02,0.0003,0.01,1.0,50,,222,3,777
phase9_weight_decay,WD020,weight-decay sweep weight_decay=0.02,weight_decay,0.02,exploratory,12000,2,512,4,512,8,8,0.1,4,True,gelu,sdpa,False,True,0.02,0.0003,0.02,1.0,50,,223,1,123
phase9_weight_decay,WD020,weight-decay sweep weight_decay=0.02,weight_decay,0.02,exploratory,12000,2,512,4,512,8,8,0.1,4,True,gelu,sdpa,False,True,0.02,0.0003,0.02,1.0,50,,224,2,321
phase9_weight_decay,WD020,weight-decay sweep weight_decay=0.02,weight_decay,0.02,exploratory,12000,2,512,4,512,8,8,0.1,4,True,gelu,sdpa,False,True,0.02,0.0003,0.02,1.0,50,,225,3,777
phase9_weight_decay,WD030,weight-decay sweep weight_decay=0.03,weight_decay,0.03,exploratory,12000,2,512,4,512,8,8,0.1,4,True,gelu,sdpa,False,True,0.02,0.0003,0.03,1.0,50,,226,1,123
phase9_weight_decay,WD030,weight-decay sweep weight_decay=0.03,weight_decay,0.03,exploratory,12000,2,512,4,512,8,8,0.1,4,True,gelu,sdpa,False,True,0.02,0.0003,0.03,1.0,50,,227,2,321
phase9_weight_decay,WD030,weight-decay sweep weight_decay=0.03,weight_decay,0.03,exploratory,12000,2,512,4,512,8,8,0.1,4,True,gelu,sdpa,False,True,0.02,0.0003,0.03,1.0,50,,228,3,777
phase9_weight_decay,WD050,weight-decay sweep weight_decay=0.05,weight_decay,0.05,exploratory,12000,2,512,4,512,8,8,0.1,4,True,gelu,sdpa,False,True,0.02,0.0003,0.05,1.0,50,,229,1,123
phase9_weight_decay,WD050,weight-decay sweep weight_decay=0.05,weight_decay,0.05,exploratory,12000,2,512,4,512,8,8,0.1,4,True,gelu,sdpa,False,True,0.02,0.0003,0.05,1.0,50,,230,2,321
phase9_weight_decay,WD050,weight-decay sweep weight_decay=0.05,weight_decay,0.05,exploratory,12000,2,512,4,512,8,8,0.1,4,True,gelu,sdpa,False,True,0.02,0.0003,0.05,1.0,50,,231,3,777
phase9_weight_decay,WD075,weight-decay sweep weight_decay=0.075,weight_decay,0.075,exploratory,12000,2,512,4,512,8,8,0.1,4,True,gelu,sdpa,False,True,0.02,0.0003,0.075,1.0,50,,232,1,123
phase9_weight_decay,WD075,weight-decay sweep weight_decay=0.075,weight_decay,0.075,exploratory,12000,2,512,4,512,8,8,0.1,4,True,gelu,sdpa,False,True,0.02,0.0003,0.075,1.0,50,,233,2,321
phase9_weight_decay,WD075,weight-decay sweep weight_decay=0.075,weight_decay,0.075,exploratory,12000,2,512,4,512,8,8,0.1,4,True,gelu,sdpa,False,True,0.02,0.0003,0.075,1.0,50,,234,3,777
phase9_weight_decay,WD100,weight-decay sweep weight_decay=0.1,weight_decay,0.1,exploratory,12000,2,512,4,512,8,8,0.1,4,True,gelu,sdpa,False,True,0.02,0.0003,0.1,1.0,50,,235,1,123
phase9_weight_decay,WD100,weight-decay sweep weight_decay=0.1,weight_decay,0.1,exploratory,12000,2,512,4,512,8,8,0.1,4,True,gelu,sdpa,False,True,0.02,0.0003,0.1,1.0,50,,236,2,321
phase9_weight_decay,WD100,weight-decay sweep weight_decay=0.1,weight_decay,0.1,exploratory,12000,2,512,4,512,8,8,0.1,4,True,gelu,sdpa,False,True,0.02,0.0003,0.1,1.0,50,,237,3,777
phase9_weight_decay,WD150,weight-decay sweep weight_decay=0.15,weight_decay,0.15,exploratory,12000,2,512,4,512,8,8,0.1,4,True,gelu,sdpa,False,True,0.02,0.0003,0.15,1.0,50,,238,1,123
phase9_weight_decay,WD150,weight-decay sweep weight_decay=0.15,weight_decay,0.15,exploratory,12000,2,512,4,512,8,8,0.1,4,True,gelu,sdpa,False,True,0.02,0.0003,0.15,1.0,50,,239,2,321
phase9_weight_decay,WD150,weight-decay sweep weight_decay=0.15,weight_decay,0.15,exploratory,12000,2,512,4,512,8,8,0.1,4,True,gelu,sdpa,False,True,0.02,0.0003,0.15,1.0,50,,240,3,777
phase9_weight_decay,WD200,weight-decay sweep weight_decay=0.2,weight_decay,0.2,exploratory,12000,2,512,4,512,8,8,0.1,4,True,gelu,sdpa,False,True,0.02,0.0003,0.2,1.0,50,,241,1,123
phase9_weight_decay,WD200,weight-decay sweep weight_decay=0.2,weight_decay,0.2,exploratory,12000,2,512,4,512,8,8,0.1,4,True,gelu,sdpa,False,True,0.02,0.0003,0.2,1.0,50,,242,2,321
phase9_weight_decay,WD200,weight-decay sweep weight_decay=0.2,weight_decay,0.2,exploratory,12000,2,512,4,512,8,8,0.1,4,True,gelu,sdpa,False,True,0.02,0.0003,0.2,1.0,50,,243,3,777
phase9_weight_decay,WD300,weight-decay sweep weight_decay=0.3,weight_decay,0.3,exploratory,12000,2,512,4,512,8,8,0.1,4,True,gelu,sdpa,False,True,0.02,0.0003,0.3,1.0,50,,244,1,123
phase9_weight_decay,WD300,weight-decay sweep weight_decay=0.3,weight_decay,0.3,exploratory,12000,2,512,4,512,8,8,0.1,4,True,gelu,sdpa,False,True,0.02,0.0003,0.3,1.0,50,,245,2,321
phase9_weight_decay,WD300,weight-decay sweep weight_decay=0.3,weight_decay,0.3,exploratory,12000,2,512,4,512,8,8,0.1,4,True,gelu,sdpa,False,True,0.02,0.0003,0.3,1.0,50,,246,3,777
phase9_weight_decay,WD500,weight-decay sweep weight_decay=0.5,weight_decay,0.5,exploratory,12000,2,512,4,512,8,8,0.1,4,True,gelu,sdpa,False,True,0.02,0.0003,0.5,1.0,50,,247,1,123
phase9_weight_decay,WD500,weight-decay sweep weight_decay=0.5,weight_decay,0.5,exploratory,12000,2,512,4,512,8,8,0.1,4,True,gelu,sdpa,False,True,0.02,0.0003,0.5,1.0,50,,248,2,321
phase9_weight_decay,WD500,weight-decay sweep weight_decay=0.5,weight_decay,0.5,exploratory,12000,2,512,4,512,8,8,0.1,4,True,gelu,sdpa,False,True,0.02,0.0003,0.5,1.0,50,,249,3,777
phase10_grad_clip,GC000,gradient clipping sweep grad_clip=0,grad_clip,0,exploratory,12000,2,512,4,512,8,8,0.1,4,True,gelu,sdpa,False,True,0.02,0.0003,0.05,0.0,50,,250,1,123
phase10_grad_clip,GC000,gradient clipping sweep grad_clip=0,grad_clip,0,exploratory,12000,2,512,4,512,8,8,0.1,4,True,gelu,sdpa,False,True,0.02,0.0003,0.05,0.0,50,,251,2,321
phase10_grad_clip,GC000,gradient clipping sweep grad_clip=0,grad_clip,0,exploratory,12000,2,512,4,512,8,8,0.1,4,True,gelu,sdpa,False,True,0.02,0.0003,0.05,0.0,50,,252,3,777
phase10_grad_clip,GC025,gradient clipping sweep grad_clip=0.25,grad_clip,0.25,exploratory,12000,2,512,4,512,8,8,0.1,4,True,gelu,sdpa,False,True,0.02,0.0003,0.05,0.25,50,,253,1,123
phase10_grad_clip,GC025,gradient clipping sweep grad_clip=0.25,grad_clip,0.25,exploratory,12000,2,512,4,512,8,8,0.1,4,True,gelu,sdpa,False,True,0.02,0.0003,0.05,0.25,50,,254,2,321
phase10_grad_clip,GC025,gradient clipping sweep grad_clip=0.25,grad_clip,0.25,exploratory,12000,2,512,4,512,8,8,0.1,4,True,gelu,sdpa,False,True,0.02,0.0003,0.05,0.25,50,,255,3,777
phase10_grad_clip,GC050,gradient clipping sweep grad_clip=0.5,grad_clip,0.5,exploratory,12000,2,512,4,512,8,8,0.1,4,True,gelu,sdpa,False,True,0.02,0.0003,0.05,0.5,50,,256,1,123
phase10_grad_clip,GC050,gradient clipping sweep grad_clip=0.5,grad_clip,0.5,exploratory,12000,2,512,4,512,8,8,0.1,4,True,gelu,sdpa,False,True,0.02,0.0003,0.05,0.5,50,,257,2,321
phase10_grad_clip,GC050,gradient clipping sweep grad_clip=0.5,grad_clip,0.5,exploratory,12000,2,512,4,512,8,8,0.1,4,True,gelu,sdpa,False,True,0.02,0.0003,0.05,0.5,50,,258,3,777
phase10_grad_clip,GC100,gradient clipping sweep grad_clip=1,grad_clip,1,exploratory,12000,2,512,4,512,8,8,0.1,4,True,gelu,sdpa,False,True,0.02,0.0003,0.05,1.0,50,,259,1,123
phase10_grad_clip,GC100,gradient clipping sweep grad_clip=1,grad_clip,1,exploratory,12000,2,512,4,512,8,8,0.1,4,True,gelu,sdpa,False,True,0.02,0.0003,0.05,1.0,50,,260,2,321
phase10_grad_clip,GC100,gradient clipping sweep grad_clip=1,grad_clip,1,exploratory,12000,2,512,4,512,8,8,0.1,4,True,gelu,sdpa,False,True,0.02,0.0003,0.05,1.0,50,,261,3,777
phase10_grad_clip,GC200,gradient clipping sweep grad_clip=2,grad_clip,2,exploratory,12000,2,512,4,512,8,8,0.1,4,True,gelu,sdpa,False,True,0.02,0.0003,0.05,2.0,50,,262,1,123
phase10_grad_clip,GC200,gradient clipping sweep grad_clip=2,grad_clip,2,exploratory,12000,2,512,4,512,8,8,0.1,4,True,gelu,sdpa,False,True,0.02,0.0003,0.05,2.0,50,,263,2,321
phase10_grad_clip,GC200,gradient clipping sweep grad_clip=2,grad_clip,2,exploratory,12000,2,512,4,512,8,8,0.1,4,True,gelu,sdpa,False,True,0.02,0.0003,0.05,2.0,50,,264,3,777
phase10_grad_clip,GC500,gradient clipping sweep grad_clip=5,grad_clip,5,exploratory,12000,2,512,4,512,8,8,0.1,4,True,gelu,sdpa,False,True,0.02,0.0003,0.05,5.0,50,,265,1,123
phase10_grad_clip,GC500,gradient clipping sweep grad_clip=5,grad_clip,5,exploratory,12000,2,512,4,512,8,8,0.1,4,True,gelu,sdpa,False,True,0.02,0.0003,0.05,5.0,50,,266,2,321
phase10_grad_clip,GC500,gradient clipping sweep grad_clip=5,grad_clip,5,exploratory,12000,2,512,4,512,8,8,0.1,4,True,gelu,sdpa,False,True,0.02,0.0003,0.05,5.0,50,,267,3,777
phase11_ffn_mult,FFN02,FFN multiplier sweep ffn_mult=2,ffn_mult,2,exploratory,12000,2,512,4,512,8,8,0.1,2,True,gelu,sdpa,False,True,0.02,0.0003,0.05,1.0,50,,268,1,123
phase11_ffn_mult,FFN02,FFN multiplier sweep ffn_mult=2,ffn_mult,2,exploratory,12000,2,512,4,512,8,8,0.1,2,True,gelu,sdpa,False,True,0.02,0.0003,0.05,1.0,50,,269,2,321
phase11_ffn_mult,FFN02,FFN multiplier sweep ffn_mult=2,ffn_mult,2,exploratory,12000,2,512,4,512,8,8,0.1,2,True,gelu,sdpa,False,True,0.02,0.0003,0.05,1.0,50,,270,3,777
phase11_ffn_mult,FFN03,FFN multiplier sweep ffn_mult=3,ffn_mult,3,exploratory,12000,2,512,4,512,8,8,0.1,3,True,gelu,sdpa,False,True,0.02,0.0003,0.05,1.0,50,,271,1,123
phase11_ffn_mult,FFN03,FFN multiplier sweep ffn_mult=3,ffn_mult,3,exploratory,12000,2,512,4,512,8,8,0.1,3,True,gelu,sdpa,False,True,0.02,0.0003,0.05,1.0,50,,272,2,321
phase11_ffn_mult,FFN03,FFN multiplier sweep ffn_mult=3,ffn_mult,3,exploratory,12000,2,512,4,512,8,8,0.1,3,True,gelu,sdpa,False,True,0.02,0.0003,0.05,1.0,50,,273,3,777
phase11_ffn_mult,FFN04,FFN multiplier sweep ffn_mult=4,ffn_mult,4,exploratory,12000,2,512,4,512,8,8,0.1,4,True,gelu,sdpa,False,True,0.02,0.0003,0.05,1.0,50,,274,1,123
phase11_ffn_mult,FFN04,FFN multiplier sweep ffn_mult=4,ffn_mult,4,exploratory,12000,2,512,4,512,8,8,0.1,4,True,gelu,sdpa,False,True,0.02,0.0003,0.05,1.0,50,,275,2,321
phase11_ffn_mult,FFN04,FFN multiplier sweep ffn_mult=4,ffn_mult,4,exploratory,12000,2,512,4,512,8,8,0.1,4,True,gelu,sdpa,False,True,0.02,0.0003,0.05,1.0,50,,276,3,777
phase11_ffn_mult,FFN05,FFN multiplier sweep ffn_mult=5,ffn_mult,5,exploratory,12000,2,512,4,512,8,8,0.1,5,True,gelu,sdpa,False,True,0.02,0.0003,0.05,1.0,50,,277,1,123
phase11_ffn_mult,FFN05,FFN multiplier sweep ffn_mult=5,ffn_mult,5,exploratory,12000,2,512,4,512,8,8,0.1,5,True,gelu,sdpa,False,True,0.02,0.0003,0.05,1.0,50,,278,2,321
phase11_ffn_mult,FFN05,FFN multiplier sweep ffn_mult=5,ffn_mult,5,exploratory,12000,2,512,4,512,8,8,0.1,5,True,gelu,sdpa,False,True,0.02,0.0003,0.05,1.0,50,,279,3,777
phase11_ffn_mult,FFN06,FFN multiplier sweep ffn_mult=6,ffn_mult,6,exploratory,12000,2,512,4,512,8,8,0.1,6,True,gelu,sdpa,False,True,0.02,0.0003,0.05,1.0,50,,280,1,123
phase11_ffn_mult,FFN06,FFN multiplier sweep ffn_mult=6,ffn_mult,6,exploratory,12000,2,512,4,512,8,8,0.1,6,True,gelu,sdpa,False,True,0.02,0.0003,0.05,1.0,50,,281,2,321
phase11_ffn_mult,FFN06,FFN multiplier sweep ffn_mult=6,ffn_mult,6,exploratory,12000,2,512,4,512,8,8,0.1,6,True,gelu,sdpa,False,True,0.02,0.0003,0.05,1.0,50,,282,3,777
phase11_ffn_mult,FFN08,FFN multiplier sweep ffn_mult=8,ffn_mult,8,exploratory,12000,2,512,4,512,8,8,0.1,8,True,gelu,sdpa,False,True,0.02,0.0003,0.05,1.0,50,,283,1,123
phase11_ffn_mult,FFN08,FFN multiplier sweep ffn_mult=8,ffn_mult,8,exploratory,12000,2,512,4,512,8,8,0.1,8,True,gelu,sdpa,False,True,0.02,0.0003,0.05,1.0,50,,284,2,321
phase11_ffn_mult,FFN08,FFN multiplier sweep ffn_mult=8,ffn_mult,8,exploratory,12000,2,512,4,512,8,8,0.1,8,True,gelu,sdpa,False,True,0.02,0.0003,0.05,1.0,50,,285,3,777
phase12_activation,ACT_GELU,activation sweep activation=gelu,activation_name,gelu,exploratory,12000,2,512,4,512,8,8,0.1,4,True,gelu,sdpa,False,True,0.02,0.0003,0.05,1.0,50,,286,1,123
phase12_activation,ACT_GELU,activation sweep activation=gelu,activation_name,gelu,exploratory,12000,2,512,4,512,8,8,0.1,4,True,gelu,sdpa,False,True,0.02,0.0003,0.05,1.0,50,,287,2,321
phase12_activation,ACT_GELU,activation sweep activation=gelu,activation_name,gelu,exploratory,12000,2,512,4,512,8,8,0.1,4,True,gelu,sdpa,False,True,0.02,0.0003,0.05,1.0,50,,288,3,777
phase12_activation,ACT_GELUEXACT,activation sweep activation=gelu_exact,activation_name,gelu_exact,exploratory,12000,2,512,4,512,8,8,0.1,4,True,gelu_exact,sdpa,False,True,0.02,0.0003,0.05,1.0,50,,289,1,123
phase12_activation,ACT_GELUEXACT,activation sweep activation=gelu_exact,activation_name,gelu_exact,exploratory,12000,2,512,4,512,8,8,0.1,4,True,gelu_exact,sdpa,False,True,0.02,0.0003,0.05,1.0,50,,290,2,321
phase12_activation,ACT_GELUEXACT,activation sweep activation=gelu_exact,activation_name,gelu_exact,exploratory,12000,2,512,4,512,8,8,0.1,4,True,gelu_exact,sdpa,False,True,0.02,0.0003,0.05,1.0,50,,291,3,777
phase12_activation,ACT_QUICKGELU,activation sweep activation=quick_gelu,activation_name,quick_gelu,exploratory,12000,2,512,4,512,8,8,0.1,4,True,quick_gelu,sdpa,False,True,0.02,0.0003,0.05,1.0,50,,292,1,123
phase12_activation,ACT_QUICKGELU,activation sweep activation=quick_gelu,activation_name,quick_gelu,exploratory,12000,2,512,4,512,8,8,0.1,4,True,quick_gelu,sdpa,False,True,0.02,0.0003,0.05,1.0,50,,293,2,321
phase12_activation,ACT_QUICKGELU,activation sweep activation=quick_gelu,activation_name,quick_gelu,exploratory,12000,2,512,4,512,8,8,0.1,4,True,quick_gelu,sdpa,False,True,0.02,0.0003,0.05,1.0,50,,294,3,777
phase12_activation,ACT_RELU,activation sweep activation=relu,activation_name,relu,exploratory,12000,2,512,4,512,8,8,0.1,4,True,relu,sdpa,False,True,0.02,0.0003,0.05,1.0,50,,295,1,123
phase12_activation,ACT_RELU,activation sweep activation=relu,activation_name,relu,exploratory,12000,2,512,4,512,8,8,0.1,4,True,relu,sdpa,False,True,0.02,0.0003,0.05,1.0,50,,296,2,321
phase12_activation,ACT_RELU,activation sweep activation=relu,activation_name,relu,exploratory,12000,2,512,4,512,8,8,0.1,4,True,relu,sdpa,False,True,0.02,0.0003,0.05,1.0,50,,297,3,777
phase12_activation,ACT_SILU,activation sweep activation=silu,activation_name,silu,exploratory,12000,2,512,4,512,8,8,0.1,4,True,silu,sdpa,False,True,0.02,0.0003,0.05,1.0,50,,298,1,123
phase12_activation,ACT_SILU,activation sweep activation=silu,activation_name,silu,exploratory,12000,2,512,4,512,8,8,0.1,4,True,silu,sdpa,False,True,0.02,0.0003,0.05,1.0,50,,299,2,321
phase12_activation,ACT_SILU,activation sweep activation=silu,activation_name,silu,exploratory,12000,2,512,4,512,8,8,0.1,4,True,silu,sdpa,False,True,0.02,0.0003,0.05,1.0,50,,300,3,777
phase12_activation,ACT_SWISH,activation sweep activation=swish,activation_name,swish,exploratory,12000,2,512,4,512,8,8,0.1,4,True,swish,sdpa,False,True,0.02,0.0003,0.05,1.0,50,,301,1,123
phase12_activation,ACT_SWISH,activation sweep activation=swish,activation_name,swish,exploratory,12000,2,512,4,512,8,8,0.1,4,True,swish,sdpa,False,True,0.02,0.0003,0.05,1.0,50,,302,2,321
phase12_activation,ACT_SWISH,activation sweep activation=swish,activation_name,swish,exploratory,12000,2,512,4,512,8,8,0.1,4,True,swish,sdpa,False,True,0.02,0.0003,0.05,1.0,50,,303,3,777
phase12_activation,ACT_MISH,activation sweep activation=mish,activation_name,mish,exploratory,12000,2,512,4,512,8,8,0.1,4,True,mish,sdpa,False,True,0.02,0.0003,0.05,1.0,50,,304,1,123
phase12_activation,ACT_MISH,activation sweep activation=mish,activation_name,mish,exploratory,12000,2,512,4,512,8,8,0.1,4,True,mish,sdpa,False,True,0.02,0.0003,0.05,1.0,50,,305,2,321
phase12_activation,ACT_MISH,activation sweep activation=mish,activation_name,mish,exploratory,12000,2,512,4,512,8,8,0.1,4,True,mish,sdpa,False,True,0.02,0.0003,0.05,1.0,50,,306,3,777
phase12_activation,ACT_SQUAREDRELU,activation sweep activation=squared_relu,activation_name,squared_relu,exploratory,12000,2,512,4,512,8,8,0.1,4,True,squared_relu,sdpa,False,True,0.02,0.0003,0.05,1.0,50,,307,1,123
phase12_activation,ACT_SQUAREDRELU,activation sweep activation=squared_relu,activation_name,squared_relu,exploratory,12000,2,512,4,512,8,8,0.1,4,True,squared_relu,sdpa,False,True,0.02,0.0003,0.05,1.0,50,,308,2,321
phase12_activation,ACT_SQUAREDRELU,activation sweep activation=squared_relu,activation_name,squared_relu,exploratory,12000,2,512,4,512,8,8,0.1,4,True,squared_relu,sdpa,False,True,0.02,0.0003,0.05,1.0,50,,309,3,777
phase12_activation,ACT_IDENTITY,activation sweep activation=identity,activation_name,identity,exploratory,12000,2,512,4,512,8,8,0.1,4,True,identity,sdpa,False,True,0.02,0.0003,0.05,1.0,50,,310,1,123
phase12_activation,ACT_IDENTITY,activation sweep activation=identity,activation_name,identity,exploratory,12000,2,512,4,512,8,8,0.1,4,True,identity,sdpa,False,True,0.02,0.0003,0.05,1.0,50,,311,2,321
phase12_activation,ACT_IDENTITY,activation sweep activation=identity,activation_name,identity,exploratory,12000,2,512,4,512,8,8,0.1,4,True,identity,sdpa,False,True,0.02,0.0003,0.05,1.0,50,,312,3,777
phase12_activation,ACT_SWIGLU,activation sweep activation=swiglu,activation_name,swiglu,exploratory,12000,2,512,4,512,8,8,0.1,4,True,swiglu,sdpa,False,True,0.02,0.0003,0.05,1.0,50,,313,1,123
phase12_activation,ACT_SWIGLU,activation sweep activation=swiglu,activation_name,swiglu,exploratory,12000,2,512,4,512,8,8,0.1,4,True,swiglu,sdpa,False,True,0.02,0.0003,0.05,1.0,50,,314,2,321
phase12_activation,ACT_SWIGLU,activation sweep activation=swiglu,activation_name,swiglu,exploratory,12000,2,512,4,512,8,8,0.1,4,True,swiglu,sdpa,False,True,0.02,0.0003,0.05,1.0,50,,315,3,777
phase12_activation,ACT_GEGLU,activation sweep activation=geglu,activation_name,geglu,exploratory,12000,2,512,4,512,8,8,0.1,4,True,geglu,sdpa,False,True,0.02,0.0003,0.05,1.0,50,,316,1,123
phase12_activation,ACT_GEGLU,activation sweep activation=geglu,activation_name,geglu,exploratory,12000,2,512,4,512,8,8,0.1,4,True,geglu,sdpa,False,True,0.02,0.0003,0.05,1.0,50,,317,2,321
phase12_activation,ACT_GEGLU,activation sweep activation=geglu,activation_name,geglu,exploratory,12000,2,512,4,512,8,8,0.1,4,True,geglu,sdpa,False,True,0.02,0.0003,0.05,1.0,50,,318,3,777
phase13_init_std,INIT005,initialization std sweep init_std=0.005,init_std,0.005,exploratory,12000,2,512,4,512,8,8,0.1,4,True,gelu,sdpa,False,True,0.005,0.0003,0.05,1.0,50,,319,1,123
phase13_init_std,INIT005,initialization std sweep init_std=0.005,init_std,0.005,exploratory,12000,2,512,4,512,8,8,0.1,4,True,gelu,sdpa,False,True,0.005,0.0003,0.05,1.0,50,,320,2,321
phase13_init_std,INIT005,initialization std sweep init_std=0.005,init_std,0.005,exploratory,12000,2,512,4,512,8,8,0.1,4,True,gelu,sdpa,False,True,0.005,0.0003,0.05,1.0,50,,321,3,777
phase13_init_std,INIT010,initialization std sweep init_std=0.01,init_std,0.01,exploratory,12000,2,512,4,512,8,8,0.1,4,True,gelu,sdpa,False,True,0.01,0.0003,0.05,1.0,50,,322,1,123
phase13_init_std,INIT010,initialization std sweep init_std=0.01,init_std,0.01,exploratory,12000,2,512,4,512,8,8,0.1,4,True,gelu,sdpa,False,True,0.01,0.0003,0.05,1.0,50,,323,2,321
phase13_init_std,INIT010,initialization std sweep init_std=0.01,init_std,0.01,exploratory,12000,2,512,4,512,8,8,0.1,4,True,gelu,sdpa,False,True,0.01,0.0003,0.05,1.0,50,,324,3,777
phase13_init_std,INIT015,initialization std sweep init_std=0.015,init_std,0.015,exploratory,12000,2,512,4,512,8,8,0.1,4,True,gelu,sdpa,False,True,0.015,0.0003,0.05,1.0,50,,325,1,123
phase13_init_std,INIT015,initialization std sweep init_std=0.015,init_std,0.015,exploratory,12000,2,512,4,512,8,8,0.1,4,True,gelu,sdpa,False,True,0.015,0.0003,0.05,1.0,50,,326,2,321
phase13_init_std,INIT015,initialization std sweep init_std=0.015,init_std,0.015,exploratory,12000,2,512,4,512,8,8,0.1,4,True,gelu,sdpa,False,True,0.015,0.0003,0.05,1.0,50,,327,3,777
phase13_init_std,INIT020,initialization std sweep init_std=0.02,init_std,0.02,exploratory,12000,2,512,4,512,8,8,0.1,4,True,gelu,sdpa,False,True,0.02,0.0003,0.05,1.0,50,,328,1,123
phase13_init_std,INIT020,initialization std sweep init_std=0.02,init_std,0.02,exploratory,12000,2,512,4,512,8,8,0.1,4,True,gelu,sdpa,False,True,0.02,0.0003,0.05,1.0,50,,329,2,321
phase13_init_std,INIT020,initialization std sweep init_std=0.02,init_std,0.02,exploratory,12000,2,512,4,512,8,8,0.1,4,True,gelu,sdpa,False,True,0.02,0.0003,0.05,1.0,50,,330,3,777
phase13_init_std,INIT030,initialization std sweep init_std=0.03,init_std,0.03,exploratory,12000,2,512,4,512,8,8,0.1,4,True,gelu,sdpa,False,True,0.03,0.0003,0.05,1.0,50,,331,1,123
phase13_init_std,INIT030,initialization std sweep init_std=0.03,init_std,0.03,exploratory,12000,2,512,4,512,8,8,0.1,4,True,gelu,sdpa,False,True,0.03,0.0003,0.05,1.0,50,,332,2,321
phase13_init_std,INIT030,initialization std sweep init_std=0.03,init_std,0.03,exploratory,12000,2,512,4,512,8,8,0.1,4,True,gelu,sdpa,False,True,0.03,0.0003,0.05,1.0,50,,333,3,777
phase13_init_std,INIT040,initialization std sweep init_std=0.04,init_std,0.04,exploratory,12000,2,512,4,512,8,8,0.1,4,True,gelu,sdpa,False,True,0.04,0.0003,0.05,1.0,50,,334,1,123
phase13_init_std,INIT040,initialization std sweep init_std=0.04,init_std,0.04,exploratory,12000,2,512,4,512,8,8,0.1,4,True,gelu,sdpa,False,True,0.04,0.0003,0.05,1.0,50,,335,2,321
phase13_init_std,INIT040,initialization std sweep init_std=0.04,init_std,0.04,exploratory,12000,2,512,4,512,8,8,0.1,4,True,gelu,sdpa,False,True,0.04,0.0003,0.05,1.0,50,,336,3,777
phase14_structure,STRUCT_BASE,structure baseline pre-LN tied embeddings SDPA no QKV bias,structure,baseline,exploratory,12000,2,512,4,512,8,8,0.1,4,True,gelu,sdpa,False,True,0.02,0.0003,0.05,1.0,50,,337,1,123
phase14_structure,STRUCT_BASE,structure baseline pre-LN tied embeddings SDPA no QKV bias,structure,baseline,exploratory,12000,2,512,4,512,8,8,0.1,4,True,gelu,sdpa,False,True,0.02,0.0003,0.05,1.0,50,,338,2,321
phase14_structure,STRUCT_BASE,structure baseline pre-LN tied embeddings SDPA no QKV bias,structure,baseline,exploratory,12000,2,512,4,512,8,8,0.1,4,True,gelu,sdpa,False,True,0.02,0.0003,0.05,1.0,50,,339,3,777
phase14_structure,STRUCT_QKVB,structure sweep QKV bias enabled,structure,qkv_bias=True,exploratory,12000,2,512,4,512,8,8,0.1,4,True,gelu,sdpa,True,True,0.02,0.0003,0.05,1.0,50,,340,1,123
phase14_structure,STRUCT_QKVB,structure sweep QKV bias enabled,structure,qkv_bias=True,exploratory,12000,2,512,4,512,8,8,0.1,4,True,gelu,sdpa,True,True,0.02,0.0003,0.05,1.0,50,,341,2,321
phase14_structure,STRUCT_QKVB,structure sweep QKV bias enabled,structure,qkv_bias=True,exploratory,12000,2,512,4,512,8,8,0.1,4,True,gelu,sdpa,True,True,0.02,0.0003,0.05,1.0,50,,342,3,777
phase14_structure,STRUCT_UNTIED,structure sweep untied input/output embeddings,structure,tie_embeddings=False,exploratory,12000,2,512,4,512,8,8,0.1,4,True,gelu,sdpa,False,False,0.02,0.0003,0.05,1.0,50,,343,1,123
phase14_structure,STRUCT_UNTIED,structure sweep untied input/output embeddings,structure,tie_embeddings=False,exploratory,12000,2,512,4,512,8,8,0.1,4,True,gelu,sdpa,False,False,0.02,0.0003,0.05,1.0,50,,344,2,321
phase14_structure,STRUCT_UNTIED,structure sweep untied input/output embeddings,structure,tie_embeddings=False,exploratory,12000,2,512,4,512,8,8,0.1,4,True,gelu,sdpa,False,False,0.02,0.0003,0.05,1.0,50,,345,3,777
phase14_structure,STRUCT_POSTLN,structure sweep post-LN transformer blocks,structure,norm_first=False,exploratory,12000,2,512,4,512,8,8,0.1,4,False,gelu,sdpa,False,True,0.02,0.0003,0.05,1.0,50,,346,1,123
phase14_structure,STRUCT_POSTLN,structure sweep post-LN transformer blocks,structure,norm_first=False,exploratory,12000,2,512,4,512,8,8,0.1,4,False,gelu,sdpa,False,True,0.02,0.0003,0.05,1.0,50,,347,2,321
phase14_structure,STRUCT_POSTLN,structure sweep post-LN transformer blocks,structure,norm_first=False,exploratory,12000,2,512,4,512,8,8,0.1,4,False,gelu,sdpa,False,True,0.02,0.0003,0.05,1.0,50,,348,3,777
phase14_structure,STRUCT_MANUALATT,structure sweep manual attention implementation,structure,attention_impl=manual,exploratory,12000,2,512,4,512,8,8,0.1,4,True,gelu,manual,False,True,0.02,0.0003,0.05,1.0,50,,349,1,123
phase14_structure,STRUCT_MANUALATT,structure sweep manual attention implementation,structure,attention_impl=manual,exploratory,12000,2,512,4,512,8,8,0.1,4,True,gelu,manual,False,True,0.02,0.0003,0.05,1.0,50,,350,2,321
phase14_structure,STRUCT_MANUALATT,structure sweep manual attention implementation,structure,attention_impl=manual,exploratory,12000,2,512,4,512,8,8,0.1,4,True,gelu,manual,False,True,0.02,0.0003,0.05,1.0,50,,351,3,777
phase14_structure,STRUCT_QKVB_UNTIED,structure sweep QKV bias plus untied embeddings,structure,"qkv_bias=True,tie_embeddings=False",exploratory,12000,2,512,4,512,8,8,0.1,4,True,gelu,sdpa,True,False,0.02,0.0003,0.05,1.0,50,,352,1,123
phase14_structure,STRUCT_QKVB_UNTIED,structure sweep QKV bias plus untied embeddings,structure,"qkv_bias=True,tie_embeddings=False",exploratory,12000,2,512,4,512,8,8,0.1,4,True,gelu,sdpa,True,False,0.02,0.0003,0.05,1.0,50,,353,2,321
phase14_structure,STRUCT_QKVB_UNTIED,structure sweep QKV bias plus untied embeddings,structure,"qkv_bias=True,tie_embeddings=False",exploratory,12000,2,512,4,512,8,8,0.1,4,True,gelu,sdpa,True,False,0.02,0.0003,0.05,1.0,50,,354,3,777
