phase,condition_id,purpose,stage,sweep_axis,axis_value,planned_runs,completed_runs,ready_for_screen,ready_for_claim,final_val_bits_per_char_n,final_val_bits_per_char_mean,final_val_bits_per_char_median,final_val_bits_per_char_std,final_val_bits_per_char_iqr,final_val_bits_per_char_min,final_val_bits_per_char_max,final_val_bits_per_char_ci95_low,final_val_bits_per_char_ci95_high,final_val_loss_n,final_val_loss_mean,final_val_loss_median,final_val_loss_std,final_val_loss_iqr,final_val_loss_min,final_val_loss_max,final_val_loss_ci95_low,final_val_loss_ci95_high,best_val_loss_n,best_val_loss_mean,best_val_loss_median,best_val_loss_std,best_val_loss_iqr,best_val_loss_min,best_val_loss_max,best_val_loss_ci95_low,best_val_loss_ci95_high,final_generalization_gap_n,final_generalization_gap_mean,final_generalization_gap_median,final_generalization_gap_std,final_generalization_gap_iqr,final_generalization_gap_min,final_generalization_gap_max,final_generalization_gap_ci95_low,final_generalization_gap_ci95_high,generalization_gap_delta_n,generalization_gap_delta_mean,generalization_gap_delta_median,generalization_gap_delta_std,generalization_gap_delta_iqr,generalization_gap_delta_min,generalization_gap_delta_max,generalization_gap_delta_ci95_low,generalization_gap_delta_ci95_high,train_val_improvement_gap_n,train_val_improvement_gap_mean,train_val_improvement_gap_median,train_val_improvement_gap_std,train_val_improvement_gap_iqr,train_val_improvement_gap_min,train_val_improvement_gap_max,train_val_improvement_gap_ci95_low,train_val_improvement_gap_ci95_high,overfit_score_n,overfit_score_mean,overfit_score_median,overfit_score_std,overfit_score_iqr,overfit_score_min,overfit_score_max,overfit_score_ci95_low,overfit_score_ci95_high,elapsed_sec_n,elapsed_sec_mean,elapsed_sec_median,elapsed_sec_std,elapsed_sec_iqr,elapsed_sec_min,elapsed_sec_max,elapsed_sec_ci95_low,elapsed_sec_ci95_high,seconds_per_epoch_n,seconds_per_epoch_mean,seconds_per_epoch_median,seconds_per_epoch_std,seconds_per_epoch_iqr,seconds_per_epoch_min,seconds_per_epoch_max,seconds_per_epoch_ci95_low,seconds_per_epoch_ci95_high,tokens_per_sec_n,tokens_per_sec_mean,tokens_per_sec_median,tokens_per_sec_std,tokens_per_sec_iqr,tokens_per_sec_min,tokens_per_sec_max,tokens_per_sec_ci95_low,tokens_per_sec_ci95_high,paired_delta_bits_vs_phase_baseline_n,paired_delta_bits_vs_phase_baseline_mean,paired_delta_bits_vs_phase_baseline_median,paired_delta_bits_vs_phase_baseline_std,paired_delta_bits_vs_phase_baseline_iqr,paired_delta_bits_vs_phase_baseline_min,paired_delta_bits_vs_phase_baseline_max,paired_delta_bits_vs_phase_baseline_ci95_low,paired_delta_bits_vs_phase_baseline_ci95_high,beats_baseline_count,beats_baseline_ratio
phase1_lr,LR0050,learning-rate sweep lr=5e-05,exploratory,learning_rate,5e-05,3,3,True,False,3,4.2201535742787835,4.230663019852235,0.027563054983575596,0.02601702645060744,4.188881825041451,4.2409158779426654,4.188881825041451,4.2409158779426654,3,6.691218980153402,6.707882118225098,0.0437023045277761,0.04125101566314626,6.641636395454407,6.7241384267807005,6.641636395454407,6.7241384267807005,3,6.691218980153402,6.707882118225098,0.0437023045277761,0.04125101566314626,6.641636395454407,6.7241384267807005,6.641636395454407,6.7241384267807005,3,-0.05862695376078264,-0.06670267581939715,0.04757498688740518,0.04705811738967869,-0.10164721012115407,-0.007530975341796697,-0.10164721012115407,-0.007530975341796697,3,-0.04512677192687953,-0.054353833198546475,0.056602096013190904,0.056035196781158536,-0.09654843807220459,0.015521955490112482,-0.09654843807220459,0.015521955490112482,3,-0.04512677192687953,-0.054353833198546475,0.056602096013190904,0.056035196781158536,-0.09654843807220459,0.015521955490112482,-0.09654843807220459,0.015521955490112482,3,0.010347970326741654,0.0,0.01792321036113166,0.015521955490112482,0.0,0.031043910980224965,0.0,0.031043910980224965,3,309.43115197230753,324.0714383330196,26.505465841415116,23.27630191692151,278.83470687502995,325.387310708873,278.83470687502995,325.387310708873,3,3168.3576252154444,3240.714383330196,136.87958621309718,121.69386093066169,3010.485385227407,3253.8731070887297,3010.485385227407,3253.8731070887297,3,2096.7575748629683,2047.5485387210401,92.49622625035376,82.09387883419436,2039.268214099738,2203.4559717681273,2039.268214099738,2203.4559717681273,3,0.3830451185673723,0.40816779045183615,0.04614361032183825,0.04069239844949957,0.3297913841756408,0.41117618107463993,0.3297913841756408,0.41117618107463993,0,0.0
phase1_lr,LR0070,learning-rate sweep lr=7e-05,exploratory,learning_rate,7e-05,3,3,True,False,3,4.090751876678515,4.07058253465323,0.05025085948631733,0.047117375890577406,4.05371917180058,4.147953923581734,4.05371917180058,4.147953923581734,3,6.486047514279683,6.454068231582641,0.079674708241235,0.07470644712448227,6.427330708503723,6.5767436027526855,6.427330708503723,6.5767436027526855,3,6.486047514279683,6.454068231582641,0.079674708241235,0.07470644712448227,6.427330708503723,6.5767436027526855,6.436243216196695,6.5767436027526855,3,-0.13560527165730818,-0.15788497924804723,0.06822734902036764,0.06544220447540283,-0.1899076223373415,-0.05902321338653582,-0.1899076223373415,-0.05902321338653582,3,-0.12210508982340507,-0.14553613662719656,0.07713618007783873,0.07441928386688268,-0.184808850288392,-0.03597028255462664,-0.184808850288392,-0.03597028255462664,3,-0.12210508982340507,-0.14553613662719656,0.07713618007783873,0.07441928386688268,-0.184808850288392,-0.03597028255462664,-0.184808850288392,-0.03597028255462664,3,0.0,0.0,0.0,0.0,0.0,0.0,0.0,0.0,3,320.99023083325784,325.16128550004214,18.06167017160818,17.69676966604311,301.2079338338226,336.6014731659088,301.2079338338226,336.6014731659088,3,3209.9023083325787,3251.6128550004214,180.61670171608182,176.9676966604311,3012.079338338226,3366.0147316590883,3012.079338338226,3366.0147316590883,3,2071.6612919288855,2040.6857445515727,118.88679466008018,115.8207949508851,1971.3282706666564,2202.9698605684266,1971.3282706666564,2202.9698605684266,3,0.25364342096710324,0.24808730525283096,0.020174270761656163,0.019592049009530044,0.23682942981470934,0.2760135278337694,0.23682942981470934,0.2760135278337694,0,0.0
phase1_lr,LR0100,learning-rate sweep lr=0.0001,exploratory,learning_rate,0.0001,3,3,True,False,3,3.987519992144811,3.9799667234884213,0.049424924694453344,0.04899014472835983,3.9423064817446454,4.040286771201366,3.9423064817446454,4.040286771201366,3,6.322369313240051,6.3103933095932,0.07836515624071733,0.07767579555511528,6.250681519508362,6.4060331106185915,6.250681519508362,6.4060331106185915,3,6.322369313240051,6.3103933095932,0.07836515624071733,0.07767579555511528,6.250681519508362,6.4060331106185915,6.250681519508362,6.4060331106185915,3,-0.22158017158508336,-0.22213332653045725,0.06995335337813174,0.06995171308517456,-0.291255307197571,-0.15135188102722186,-0.291255307197571,-0.15135188102722186,3,-0.20807998975118025,-0.20978448390960658,0.07894259469434013,0.07892879247665441,-0.2861565351486215,-0.12829895019531268,-0.2861565351486215,-0.12829895019531268,3,-0.20807998975118025,-0.20978448390960658,0.07894259469434013,0.07892879247665441,-0.2861565351486215,-0.12829895019531268,-0.2861565351486215,-0.12829895019531268,3,0.0,0.0,0.0,0.0,0.0,0.0,0.0,0.0,3,331.50768823634525,328.0283909169957,14.486053803880546,14.169213896035217,319.07812299998477,347.4165507920552,319.07812299998477,347.4165507920552,3,3315.076882363452,3280.283909169957,144.86053803880546,141.69213896035217,3190.7812299998477,3474.165507920552,3190.7812299998477,3409.53830833702,3,2004.1337129119324,2022.8492971143621,86.34990595256036,84.81510147955578,1909.960819331162,2079.5910222902735,1909.960819331162,2079.5910222902735,3,0.1504115364333994,0.1574714940880222,0.01874446962089504,0.017719280171746732,0.12916227743434128,0.16460083777783474,0.12916227743434128,0.16460083777783474,0,0.0
phase1_lr,LR0150,learning-rate sweep lr=0.00015,exploratory,learning_rate,0.00015,3,3,True,False,3,3.8976164567254896,3.887403597230799,0.05889224960078295,0.058224309259511386,3.844498577213324,3.9609471957323463,3.844498577213324,3.9609471957323463,3,6.179823732376099,6.163630843162537,0.09337597112921105,0.09231692552566528,6.095603251457215,6.280237102508545,6.095603251457215,6.280237102508545,3,6.179823732376099,6.163630843162537,0.09337597112921105,0.09231692552566528,6.095603251457215,6.280237102508545,6.095603251457215,6.280237102508545,3,-0.30163415273030597,-0.2888264179229738,0.08330798277413036,0.08256628513336173,-0.3906043052673338,-0.22547173500061035,-0.35752649188041674,-0.22547173500061035,3,-0.28813397089640286,-0.27647757530212314,0.09209826956689132,0.09154336452484158,-0.3855055332183843,-0.20241880416870117,-0.3855055332183843,-0.20241880416870117,3,-0.28813397089640286,-0.27647757530212314,0.09209826956689132,0.09154336452484158,-0.3855055332183843,-0.20241880416870117,-0.3855055332183843,-0.20241880416870117,3,0.0,0.0,0.0,0.0,0.0,0.0,0.0,0.0,3,356.02183605590835,368.7059963338543,50.571779942342076,49.36434933298733,300.31540658394806,399.0441052499227,300.31540658394806,399.0441052499227,3,3560.2183605590835,3687.0599633385427,505.7177994234208,493.6434933298733,3003.1540658394806,3990.441052499227,3003.1540658394806,3990.441052499227,3,1890.682868527624,1799.6778099566623,284.4672426988122,273.3316148098072,1662.8537830032974,2209.517012622912,1662.8537830032974,2209.517012622912,3,0.06050800101407831,0.06490836783039988,0.009301591719857533,0.008485115640595842,0.04982270196532168,0.06679293324651336,0.04982270196532168,0.06679293324651336,0,0.0
phase1_lr,LR0200,learning-rate sweep lr=0.0002,exploratory,learning_rate,0.0002,3,3,True,False,3,3.859004012822408,3.84309306264799,0.053014682511379654,0.051192653869405635,3.8157668340402116,3.918152141779023,3.8157668340402116,3.918152141779023,3,6.118602188428243,6.093374752998352,0.08405685802739411,0.08116796016693062,6.0500479459762575,6.21238386631012,6.0500479459762575,6.21238386631012,3,6.118602188428243,6.093374752998352,0.08405685802739411,0.08116796016693062,6.0500479459762575,6.21238386631012,6.0500479459762575,6.21238386631012,3,-0.3345994234085081,-0.32574706077575666,0.08840634449825728,0.08807331323623657,-0.42709891796112043,-0.2509522914886473,-0.42709891796112043,-0.2509522914886473,3,-0.321099241574605,-0.313398218154906,0.09727927852568079,0.09705039262771642,-0.42200014591217094,-0.2278993606567381,-0.42200014591217094,-0.2278993606567381,3,-0.321099241574605,-0.313398218154906,0.09727927852568079,0.09705039262771642,-0.42200014591217094,-0.2278993606567381,-0.42200014591217094,-0.2278993606567381,3,0.0,0.0,0.0,0.0,0.0,0.0,0.0,0.0,3,319.3514476385899,323.94723479100503,9.231798159333659,8.329775062506087,308.72377899987623,325.3833291248884,308.72377899987623,325.3833291248884,3,3193.514476385899,3239.4723479100503,92.3179815933366,83.29775062506087,3087.2377899987623,3253.833291248884,3087.2377899987623,3253.833291248884,3,2078.9885203634203,2048.333582560417,61.09259194760562,55.02282146616221,2039.2931677987594,2149.338810731084,2039.2931677987594,2149.338810731084,3,0.021895557110996666,0.020597833247590902,0.015557417801115097,0.01551677103070137,0.007027648011998178,0.03806119007340092,0.007027648011998178,0.03806119007340092,0,0.0
phase1_lr,LR0300,learning-rate sweep lr=0.0003,exploratory,learning_rate,0.0003,3,3,True,False,3,3.8371084557114115,3.822495229400399,0.06789924269029562,0.066709424900107,3.7777056439668106,3.9111244937670246,3.7777056439668106,3.9111244937670246,3,6.083885924021403,6.060716080665588,0.10765691187079418,0.10577040910720825,5.989700436592102,6.2012412548065186,5.989700436592102,6.2012412548065186,3,6.083885924021403,6.060716080665588,0.10765691187079418,0.10577040910720825,5.989700436592102,6.2012412548065186,5.989700436592102,6.2012412548065186,3,-0.3531950632731122,-0.3269631147384642,0.10695058851865115,0.10451000928878784,-0.470821046829224,-0.2618010282516483,-0.470821046829224,-0.2618010282516483,3,-0.33969488143920906,-0.3146142721176135,0.11554694725556285,0.11348708868026769,-0.4657222747802745,-0.23874809741973912,-0.4657222747802745,-0.23874809741973912,3,-0.33969488143920906,-0.3146142721176135,0.11554694725556285,0.11348708868026769,-0.4657222747802745,-0.23874809741973912,-0.4657222747802745,-0.23874809741973912,3,0.0,0.0,0.0,0.0,0.0,0.0,0.0,0.0,3,302.1922787636674,285.64469512505457,30.351238757302852,26.75501449999865,283.7110560829751,337.2210850829724,283.7110560829751,337.2210850829724,3,3021.9227876366735,2856.4469512505457,303.5123875730285,267.5501449999865,2837.110560829751,3372.210850829724,2837.110560829751,3372.210850829724,3,2209.844731992006,2322.997805751297,209.84753868932873,185.5620540899663,1967.706141022394,2338.8302492023267,1967.706141022394,2338.8302492023267,0,,,,,,,,,,
phase1_lr,LR0500,learning-rate sweep lr=0.0005,exploratory,learning_rate,0.0005,3,3,True,False,3,3.9026583448790952,3.9370444409191,0.06221013643135871,0.054619578670600966,3.8308457181884923,3.9400848755296938,3.8308457181884923,3.9400848755296938,3,6.187817843755086,6.242338347434997,0.09863661080594202,0.08660148382186961,6.073956108093261,6.247159075737,6.073956108093261,6.247159075737,3,6.187817843755086,6.242338347434997,0.09863661080594202,0.08660148382186961,6.073956108093261,6.247159075737,6.073956108093261,6.247159075737,3,-0.3011664152145386,-0.2541862010955809,0.08591547621565983,0.07567108869552674,-0.40032761096954417,-0.24898543357849068,-0.40032761096954417,-0.24898543357849068,3,-0.28766623338063546,-0.2418373584747302,0.09349078399415611,0.08464816808700659,-0.3952288389205947,-0.2259325027465815,-0.3952288389205947,-0.2259325027465815,3,-0.28766623338063546,-0.2418373584747302,0.09349078399415611,0.08464816808700659,-0.3952288389205947,-0.2259325027465815,-0.3952288389205947,-0.2259325027465815,3,0.0,0.0,0.0,0.0,0.0,0.0,0.0,0.0,3,324.85252545867115,327.69515375001356,8.413130197640472,8.044896395877004,315.38631491712295,331.47610770887695,315.38631491712295,331.47610770887695,3,3248.5252545867115,3276.9515375001356,84.13130197640471,80.44896395877004,3153.8631491712295,3314.7610770887695,3153.8631491712295,3314.7610770887695,3,2043.549940210568,2024.9063570412125,53.554136299278234,51.062296459493155,2001.8094353357524,2103.9340282547387,2001.8094353357524,2103.9340282547387,3,0.06554988916768394,0.053140074221681655,0.04412328835203999,0.04279441487801594,0.02896038176266913,0.11454921151870101,0.02896038176266913,0.11454921151870101,0,0.0
phase1_lr,LR0700,learning-rate sweep lr=0.0007,exploratory,learning_rate,0.0007,3,3,True,False,3,3.941174090422652,3.9931992965166647,0.09146757487255894,0.07960119786299602,3.83556028951265,3.9947626852386415,3.83556028951265,3.9947626852386415,3,6.248886068662007,6.331374073028565,0.1450254267489454,0.12621082067489642,6.081431245803833,6.3338528871536255,6.081431245803833,6.3338528871536255,3,6.248886068662007,6.331374073028565,0.1450254267489454,0.12621082067489642,6.081431245803833,6.3338528871536255,6.081431245803833,6.3338528871536255,3,-0.27880239486694336,-0.20972456932067907,0.12567471715160575,0.11052296161651665,-0.42386426925659215,-0.20281834602355886,-0.42386426925659215,-0.20281834602355886,3,-0.26530221303304025,-0.19046950340270818,0.13291666801690905,0.11604692935943639,-0.41876549720764267,-0.1866716384887699,-0.41876549720764267,-0.1866716384887699,3,-0.26530221303304025,-0.19046950340270818,0.13291666801690905,0.11604692935943639,-0.41876549720764267,-0.1866716384887699,-0.41876549720764267,-0.1866716384887699,3,0.0,0.0,0.0,0.0,0.0,0.0,0.0,0.0,3,306.47964494427043,284.9914077918511,51.387111652227034,47.899133520550095,269.32462999993004,365.1228970410302,269.32462999993004,365.1228970410302,3,3064.7964494427047,2849.914077918511,513.8711165222703,478.99133520550095,2693.2462999993004,3651.2289704103023,2693.2462999993004,3651.2289704103023,3,2203.1414628678026,2328.322826085472,340.9087539041141,323.2120019672543,1817.3387792917138,2463.762783226222,1817.3387792917138,2463.762783226222,3,0.1040656347112406,0.08363819147161689,0.05913297147257177,0.05642471078521316,0.0578546455458393,0.17070406711626562,0.0578546455458393,0.17070406711626562,0,0.0
phase1_lr,LR1000,learning-rate sweep lr=0.001,exploratory,learning_rate,0.001,3,3,True,False,3,4.060573482539663,4.041656181771071,0.12997315896228645,0.1289365109244036,3.9410956219995565,4.198968643848363,3.9410956219995565,4.198968643848363,3,6.438198486963908,6.408204364776611,0.20607754027235203,0.2044338941574093,6.2487616539001465,6.657629442214966,6.2487616539001465,6.657629442214966,3,6.438198486963908,6.408204364776611,0.20607754027235203,0.2044338941574093,6.2487616539001465,6.657629442214966,6.2487616539001465,6.657629442214966,3,-0.2027019898096721,-0.18220007419586182,0.15561543385430737,0.1545992136001586,-0.36755216121673584,-0.058353734016418635,-0.36755216121673584,-0.058353734016418635,3,-0.189201807975769,-0.15914714336395264,0.16035078760102803,0.1582242488861092,-0.36245338916778636,-0.04600489139556796,-0.36245338916778636,-0.04600489139556796,3,-0.189201807975769,-0.15914714336395264,0.16035078760102803,0.1582242488861092,-0.36245338916778636,-0.04600489139556796,-0.36245338916778636,-0.04600489139556796,3,0.0,0.0,0.0,0.0,0.0,0.0,0.0,0.0,3,346.35373155539855,289.41184225003235,106.57125589037432,94.47565037512686,280.3490258329548,469.3003265832085,280.3490258329548,469.3003265832085,3,3463.5373155539855,2894.1184225003235,1065.7125589037432,944.7565037512686,2803.490258329548,4693.003265832085,2803.490258329548,4693.003265832085,3,2024.5187293217928,2292.7603612941857,530.0930592456567,476.4802950993985,1413.9176182361978,2366.8782084349946,1413.9176182361978,2366.8782084349946,3,0.22346502682825195,0.1633899780327459,0.1335237500124623,0.12297086322195883,0.13053168800404613,0.3764734144479638,0.13053168800404613,0.3764734144479638,0,0.0
phase1_lr,LR1500,learning-rate sweep lr=0.0015,exploratory,learning_rate,0.0015,3,3,True,False,3,3.980213516829077,4.038092502372525,0.1233629242736393,0.1127205764698247,3.838553447587528,4.063994600527178,3.838553447587528,4.055576418626916,3,6.310784610112508,6.402554011344909,0.19559675396127502,0.1787228941917416,6.086177015304566,6.443622803688049,6.086177015304566,6.443622803688049,3,6.310784610112508,6.402554011344909,0.19559675396127502,0.1787228941917416,6.086177015304566,6.443622803688049,6.086177015304566,6.443622803688049,3,-0.272789533933004,-0.19572250843048167,0.13931789819112939,0.12229056358337331,-0.43361361026763845,-0.18903248310089182,-0.43361361026763845,-0.18903248310089182,3,-0.25928935209910087,-0.17668364048004115,0.14656731231591946,0.12792263031005824,-0.42851483821868896,-0.1726695775985725,-0.42851483821868896,-0.1726695775985725,3,-0.25928935209910087,-0.17668364048004115,0.14656731231591946,0.12792263031005824,-0.42851483821868896,-0.1726695775985725,-0.42851483821868896,-0.1726695775985725,3,0.0,0.0,0.0,0.0,0.0,0.0,0.0,0.0,3,378.9739059860197,366.1674569591414,22.356536309238262,19.411616708501242,365.96551379095763,404.7887472079601,365.96551379095763,404.7887472079601,3,3789.7390598601974,3661.674569591414,223.56536309238263,194.11616708501242,3659.6551379095763,4047.887472079601,3659.6551379095763,4047.887472079601,3,1754.8546639456254,1812.1544866671263,100.11344666002807,86.94969775228492,1639.2550548325898,1813.1544503371597,1639.2550548325898,1813.1544503371597,3,0.14310506111766555,0.15287010676015367,0.07783551023431089,0.0773747346757041,0.0608478036207174,0.2155972729721256,0.0608478036207174,0.2155972729721256,0,0.0
phase1_lr,LR2000,learning-rate sweep lr=0.002,exploratory,learning_rate,0.002,3,3,True,False,3,4.1957018663069645,4.221205968409298,0.15842257621471217,0.15687532704817375,4.026074488207624,4.339825142303972,4.026074488207624,4.300285417672415,3,6.652449838320414,6.692887592315674,0.2511852069349969,0.24873198270797658,6.383498978614807,6.880962944030761,6.383498978614807,6.880962944030761,3,6.652449838320414,6.692887592315674,0.2511852069349969,0.24873198270797658,6.383498978614807,6.880962944030761,6.383498978614807,6.880962944030761,3,-0.1166560808817545,-0.059031510353088734,0.15585538160610804,0.14764977693557713,-0.2931181430816645,0.002181410789489746,-0.2931181430816645,0.002181410789489746,3,-0.10315589904785138,-0.035978579521179554,0.16207610251591656,0.15127481222152772,-0.288019371032715,0.014530253410340421,-0.288019371032715,0.014530253410340421,3,-0.10315589904785138,-0.035978579521179554,0.16207610251591656,0.15127481222152772,-0.288019371032715,0.014530253410340421,-0.288019371032715,0.014530253410340421,3,0.010413972536723529,0.0,0.0180375295422321,0.015620958805085294,0.0,0.03124191761017059,0.0,0.03124191761017059,3,370.2277675276467,385.8544801659882,33.98205871458708,31.171055541490205,331.24335566698574,393.58546674996614,331.24335566698574,393.58546674996614,3,3702.277675276467,3858.544801659882,339.82058714587083,311.71055541490205,3312.4335566698574,3935.8546674996614,3312.4335566698574,3935.8546674996614,3,1802.9422956340318,1719.6949474697064,174.26253886929695,158.6500605763481,1685.9159091398465,2003.2160302925427,1685.9159091398465,2003.2160302925427,3,0.35859341059555333,0.3100814746422733,0.1408902766748111,0.13448053433137996,0.2483688442408134,0.5173299129035733,0.2483688442408134,0.5173299129035733,0,0.0
phase1_lr,LR3000,learning-rate sweep lr=0.003,exploratory,learning_rate,0.003,3,3,True,False,3,4.248663921715829,4.275610494479533,0.04716320805407162,0.04098511749610356,4.194205517837872,4.2761757528300794,4.194205517837872,4.2761757528300794,3,6.7364232540130615,6.779148101806641,0.07477911581695461,0.06498351097106969,6.650077319145202,6.780044341087342,6.650077319145202,6.780044341087342,3,6.7364232540130615,6.779148101806641,0.07477911581695461,0.06498351097106969,6.650077319145202,6.780044341087342,6.650077319145202,6.780044341087342,3,-0.05948614279429106,-0.03016917705535871,0.05310245726046588,0.046639657020568936,-0.12078428268432617,-0.0275049686431883,-0.0913343733549117,-0.0275049686431883,3,-0.04598596096038795,-0.015156126022337624,0.060495291845459424,0.05428463220596358,-0.11568551063537669,-0.007116246223449529,-0.11568551063537669,-0.007116246223449529,3,-0.04598596096038795,-0.015156126022337624,0.060495291845459424,0.05428463220596358,-0.11568551063537669,-0.007116246223449529,-0.11568551063537669,-0.007116246223449529,3,0.0,0.0,0.0,0.0,0.0,0.0,0.0,0.0,3,317.09955638895434,281.63450429192744,66.33614915050798,58.79759556252975,276.034486874938,393.6296779999975,276.034486874938,393.6296779999975,3,3170.995563889543,2816.3450429192744,663.3614915050798,587.9759556252975,2760.34486874938,3936.296779999975,2760.34486874938,3936.296779999975,3,2148.558347776006,2356.0749478061007,401.5359629824707,359.07349540480186,1685.7265523561568,2403.873543165761,1685.7265523561568,2403.873543165761,3,0.4115554660044169,0.4164998738710617,0.044802355937493085,0.04459726135858588,0.3644860007125086,0.45368052342968035,0.3644860007125086,0.45368052342968035,0,0.0
phase2_epoch,E0025,epoch milestone 25 from 1500-epoch long-run,exploratory,epochs,25,3,0,False,False,0,,,,,,,,,0,,,,,,,,,0,,,,,,,,,0,,,,,,,,,0,,,,,,,,,0,,,,,,,,,0,,,,,,,,,0,,,,,,,,,0,,,,,,,,,0,,,,,,,,,0,,,,,,,,,,
phase2_epoch,E0050,epoch milestone 50 from 1500-epoch long-run,exploratory,epochs,50,3,0,False,False,0,,,,,,,,,0,,,,,,,,,0,,,,,,,,,0,,,,,,,,,0,,,,,,,,,0,,,,,,,,,0,,,,,,,,,0,,,,,,,,,0,,,,,,,,,0,,,,,,,,,0,,,,,,,,,,
phase2_epoch,E0075,epoch milestone 75 from 1500-epoch long-run,exploratory,epochs,75,3,0,False,False,0,,,,,,,,,0,,,,,,,,,0,,,,,,,,,0,,,,,,,,,0,,,,,,,,,0,,,,,,,,,0,,,,,,,,,0,,,,,,,,,0,,,,,,,,,0,,,,,,,,,0,,,,,,,,,,
phase2_epoch,E0100,epoch milestone 100 from 1500-epoch long-run,exploratory,epochs,100,3,0,False,False,0,,,,,,,,,0,,,,,,,,,0,,,,,,,,,0,,,,,,,,,0,,,,,,,,,0,,,,,,,,,0,,,,,,,,,0,,,,,,,,,0,,,,,,,,,0,,,,,,,,,0,,,,,,,,,,
phase2_epoch,E0150,epoch milestone 150 from 1500-epoch long-run,exploratory,epochs,150,3,0,False,False,0,,,,,,,,,0,,,,,,,,,0,,,,,,,,,0,,,,,,,,,0,,,,,,,,,0,,,,,,,,,0,,,,,,,,,0,,,,,,,,,0,,,,,,,,,0,,,,,,,,,0,,,,,,,,,,
phase2_epoch,E0200,epoch milestone 200 from 1500-epoch long-run,exploratory,epochs,200,3,0,False,False,0,,,,,,,,,0,,,,,,,,,0,,,,,,,,,0,,,,,,,,,0,,,,,,,,,0,,,,,,,,,0,,,,,,,,,0,,,,,,,,,0,,,,,,,,,0,,,,,,,,,0,,,,,,,,,,
phase2_epoch,E0300,epoch milestone 300 from 1500-epoch long-run,exploratory,epochs,300,3,0,False,False,0,,,,,,,,,0,,,,,,,,,0,,,,,,,,,0,,,,,,,,,0,,,,,,,,,0,,,,,,,,,0,,,,,,,,,0,,,,,,,,,0,,,,,,,,,0,,,,,,,,,0,,,,,,,,,,
phase2_epoch,E0400,epoch milestone 400 from 1500-epoch long-run,exploratory,epochs,400,3,0,False,False,0,,,,,,,,,0,,,,,,,,,0,,,,,,,,,0,,,,,,,,,0,,,,,,,,,0,,,,,,,,,0,,,,,,,,,0,,,,,,,,,0,,,,,,,,,0,,,,,,,,,0,,,,,,,,,,
phase2_epoch,E0600,epoch milestone 600 from 1500-epoch long-run,exploratory,epochs,600,3,0,False,False,0,,,,,,,,,0,,,,,,,,,0,,,,,,,,,0,,,,,,,,,0,,,,,,,,,0,,,,,,,,,0,,,,,,,,,0,,,,,,,,,0,,,,,,,,,0,,,,,,,,,0,,,,,,,,,,
phase2_epoch,E0800,epoch milestone 800 from 1500-epoch long-run,exploratory,epochs,800,3,0,False,False,0,,,,,,,,,0,,,,,,,,,0,,,,,,,,,0,,,,,,,,,0,,,,,,,,,0,,,,,,,,,0,,,,,,,,,0,,,,,,,,,0,,,,,,,,,0,,,,,,,,,0,,,,,,,,,,
phase2_epoch,E1000,epoch milestone 1000 from 1500-epoch long-run,exploratory,epochs,1000,3,0,False,False,0,,,,,,,,,0,,,,,,,,,0,,,,,,,,,0,,,,,,,,,0,,,,,,,,,0,,,,,,,,,0,,,,,,,,,0,,,,,,,,,0,,,,,,,,,0,,,,,,,,,0,,,,,,,,,,
phase2_epoch,E1200,epoch milestone 1200 from 1500-epoch long-run,exploratory,epochs,1200,3,0,False,False,0,,,,,,,,,0,,,,,,,,,0,,,,,,,,,0,,,,,,,,,0,,,,,,,,,0,,,,,,,,,0,,,,,,,,,0,,,,,,,,,0,,,,,,,,,0,,,,,,,,,0,,,,,,,,,,
phase2_epoch,E1500,epoch milestone 1500 from 1500-epoch long-run,exploratory,epochs,1500,3,0,False,False,0,,,,,,,,,0,,,,,,,,,0,,,,,,,,,0,,,,,,,,,0,,,,,,,,,0,,,,,,,,,0,,,,,,,,,0,,,,,,,,,0,,,,,,,,,0,,,,,,,,,0,,,,,,,,,,
phase3_vocab,V04000,tokenizer vocab-size sweep vocab=4000,exploratory,vocab_size,4000,3,1,False,False,1,4.200079043082585,4.200079043082585,0.0,0.0,4.200079043082585,4.200079043082585,nan,nan,1,5.622430753707886,5.622430753707886,0.0,0.0,5.622430753707886,5.622430753707886,nan,nan,1,5.622430753707886,5.622430753707886,0.0,0.0,5.622430753707886,5.622430753707886,nan,nan,1,-0.2215439558029173,-0.2215439558029173,0.0,0.0,-0.2215439558029173,-0.2215439558029173,nan,nan,1,-0.2294352293014521,-0.2294352293014521,0.0,0.0,-0.2294352293014521,-0.2294352293014521,nan,nan,1,-0.2294352293014521,-0.2294352293014521,0.0,0.0,-0.2294352293014521,-0.2294352293014521,nan,nan,1,0.0,0.0,0.0,0.0,0.0,0.0,nan,nan,1,348.80851095798425,348.80851095798425,0.0,0.0,348.80851095798425,348.80851095798425,nan,nan,1,3488.0851095798425,3488.0851095798425,0.0,0.0,3488.0851095798425,3488.0851095798425,nan,nan,1,2242.88105198854,2242.88105198854,0.0,0.0,2242.88105198854,2242.88105198854,nan,nan,0,,,,,,,,,,
phase3_vocab,V06000,tokenizer vocab-size sweep vocab=6000,exploratory,vocab_size,6000,3,3,True,False,3,4.073736594841783,4.071859940257626,0.04763031775422318,0.04760258181072885,4.027072340323133,4.12227750394459,4.027072340323133,4.12227750394459,3,5.888548596700033,5.885835909843445,0.06884918409480507,0.06880909204483032,5.8210958480834964,5.958714032173157,5.8210958480834964,5.958714032173157,3,5.888548596700033,5.885835909843445,0.06884918409480507,0.06880909204483032,5.8210958480834964,5.958714032173157,5.8210958480834964,5.958714032173157,3,-0.29418327013651463,-0.2896374702453608,0.0964477378388194,0.09636735916137695,-0.3928235292434685,-0.20008881092071462,-0.3928235292434685,-0.20008881092071462,3,-0.2962592124938963,-0.26967597007751376,0.1237929946380324,0.1216334819793703,-0.4311843156814579,-0.18791735172271729,-0.4311843156814579,-0.18791735172271729,3,-0.2962592124938963,-0.26967597007751376,0.1237929946380324,0.1216334819793703,-0.4311843156814579,-0.18791735172271729,-0.4311843156814579,-0.18791735172271729,3,0.0,0.0,0.0,0.0,0.0,0.0,0.0,0.0,3,368.68564037497464,373.9222300420515,75.14749635319778,75.01053129159845,291.05681424983777,441.0778768330347,291.05681424983777,441.0778768330347,3,3686.8564037497467,3739.2223004205152,751.4749635319778,750.1053129159845,2910.5681424983777,4410.778768330347,2910.5681424983777,4410.778768330347,3,2030.2062615198276,1944.3615318571367,431.2592197379902,424.80292654462096,1648.325699806552,2497.931552895794,1648.325699806552,2497.931552895794,0,,,,,,,,,,
phase3_vocab,V08000,tokenizer vocab-size sweep vocab=8000,exploratory,vocab_size,8000,3,3,True,False,3,3.935415590796583,3.9266103416306124,0.051481130113916806,0.05091323450881813,3.8889049808707505,3.990731449888387,3.8889049808707505,3.990731449888387,3,5.94704643090566,5.933740282058716,0.07779627438051255,0.07693809270858765,5.876761412620544,6.030637598037719,5.876761412620544,6.030637598037719,3,5.94704643090566,5.933740282058716,0.07779627438051255,0.07693809270858765,5.876761412620544,6.030637598037719,5.876761412620544,6.030637598037719,3,-0.24489042758941645,-0.27009849548339826,0.06788333764157985,0.06427723169326782,-0.29656362533569336,-0.16800916194915771,-0.29656362533569336,-0.16800916194915771,3,-0.2421893517176311,-0.2622591972351076,0.09225786417325832,0.09060581922531163,-0.32276024818420446,-0.1415486097335812,-0.32276024818420446,-0.1415486097335812,3,-0.2421893517176311,-0.2622591972351076,0.09225786417325832,0.09060581922531163,-0.32276024818420446,-0.1415486097335812,-0.32276024818420446,-0.1415486097335812,3,0.0,0.0,0.0,0.0,0.0,0.0,0.0,0.0,3,290.83149779137847,285.58304425003007,16.71530150189183,16.085447021061555,277.3702775409911,309.5411715831142,277.3702775409911,309.5411715831142,3,2908.3149779137843,2855.8304425003007,167.1530150189183,160.85447021061555,2773.702775409911,3095.411715831142,2773.702775409911,3095.411715831142,3,2392.3422274045643,2431.068699555425,134.32638807941112,130.07218688298417,2242.9068044461496,2503.0511782121184,2242.9068044461496,2503.0511782121184,0,,,,,,,,,,
phase3_vocab,V10000,tokenizer vocab-size sweep vocab=10000,exploratory,vocab_size,10000,3,3,True,False,3,3.8706480347501393,3.8602865393811574,0.04022397819133322,0.03921030453625374,3.836618477898376,3.915039086970884,3.836618477898376,3.915039086970884,3,6.019420138994853,6.00330650806427,0.06255413104514745,0.0609777212142939,5.96649923324585,6.088454675674439,5.96649923324585,6.088454675674439,3,6.019420138994853,6.00330650806427,0.06255413104514745,0.0609777212142939,5.96649923324585,6.088454675674439,5.96649923324585,6.088454675674439,3,-0.32239278952280664,-0.3393561124801634,0.043746477506816234,0.04120604991912824,-0.3551171779632565,-0.272705078125,-0.3551171779632565,-0.272705078125,3,-0.3155124584833778,-0.31761310100555473,0.034689715774432084,0.03464198112487793,-0.34910411834716726,-0.2798201560974114,-0.34910411834716726,-0.2798201560974114,3,-0.3155124584833778,-0.31761310100555473,0.034689715774432084,0.03464198112487793,-0.34910411834716726,-0.2798201560974114,-0.34910411834716726,-0.2798201560974114,3,0.0,0.0,0.0,0.0,0.0,0.0,0.0,0.0,3,338.0977456390392,358.62042391696014,61.62006563309885,59.00124783301726,268.8351586670615,386.837654333096,268.8351586670615,386.837654333096,3,3380.977456390392,3586.2042391696014,616.2006563309885,590.0124783301726,2688.351586670615,3868.37654333096,2688.351586670615,3868.37654333096,3,2048.5338747500077,1884.5552426107588,408.88647227836157,383.4337013924951,1747.089489427137,2513.956892212127,1747.089489427137,2304.1563423450043,0,,,,,,,,,,
phase3_vocab,V12000,tokenizer vocab-size sweep vocab=12000,exploratory,vocab_size,12000,3,0,False,False,0,,,,,,,,,0,,,,,,,,,0,,,,,,,,,0,,,,,,,,,0,,,,,,,,,0,,,,,,,,,0,,,,,,,,,0,,,,,,,,,0,,,,,,,,,0,,,,,,,,,0,,,,,,,,,,
phase3_vocab,V16000,tokenizer vocab-size sweep vocab=16000,exploratory,vocab_size,16000,3,0,False,False,0,,,,,,,,,0,,,,,,,,,0,,,,,,,,,0,,,,,,,,,0,,,,,,,,,0,,,,,,,,,0,,,,,,,,,0,,,,,,,,,0,,,,,,,,,0,,,,,,,,,0,,,,,,,,,,
phase3_vocab,V20000,tokenizer vocab-size sweep vocab=20000,exploratory,vocab_size,20000,3,0,False,False,0,,,,,,,,,0,,,,,,,,,0,,,,,,,,,0,,,,,,,,,0,,,,,,,,,0,,,,,,,,,0,,,,,,,,,0,,,,,,,,,0,,,,,,,,,0,,,,,,,,,0,,,,,,,,,,
phase3_vocab,V24000,tokenizer vocab-size sweep vocab=24000,exploratory,vocab_size,24000,3,0,False,False,0,,,,,,,,,0,,,,,,,,,0,,,,,,,,,0,,,,,,,,,0,,,,,,,,,0,,,,,,,,,0,,,,,,,,,0,,,,,,,,,0,,,,,,,,,0,,,,,,,,,0,,,,,,,,,,
phase3_vocab,V32000,tokenizer vocab-size sweep vocab=32000,exploratory,vocab_size,32000,3,0,False,False,0,,,,,,,,,0,,,,,,,,,0,,,,,,,,,0,,,,,,,,,0,,,,,,,,,0,,,,,,,,,0,,,,,,,,,0,,,,,,,,,0,,,,,,,,,0,,,,,,,,,0,,,,,,,,,,
phase3_vocab,V40000,tokenizer vocab-size sweep vocab=40000,exploratory,vocab_size,40000,3,0,False,False,0,,,,,,,,,0,,,,,,,,,0,,,,,,,,,0,,,,,,,,,0,,,,,,,,,0,,,,,,,,,0,,,,,,,,,0,,,,,,,,,0,,,,,,,,,0,,,,,,,,,0,,,,,,,,,,
phase3_vocab,V48000,tokenizer vocab-size sweep vocab=48000,exploratory,vocab_size,48000,3,0,False,False,0,,,,,,,,,0,,,,,,,,,0,,,,,,,,,0,,,,,,,,,0,,,,,,,,,0,,,,,,,,,0,,,,,,,,,0,,,,,,,,,0,,,,,,,,,0,,,,,,,,,0,,,,,,,,,,
phase3_vocab,V56000,tokenizer vocab-size sweep vocab=56000,exploratory,vocab_size,56000,3,0,False,False,0,,,,,,,,,0,,,,,,,,,0,,,,,,,,,0,,,,,,,,,0,,,,,,,,,0,,,,,,,,,0,,,,,,,,,0,,,,,,,,,0,,,,,,,,,0,,,,,,,,,0,,,,,,,,,,
phase3_vocab,V64000,tokenizer vocab-size sweep vocab=64000,exploratory,vocab_size,64000,3,0,False,False,0,,,,,,,,,0,,,,,,,,,0,,,,,,,,,0,,,,,,,,,0,,,,,,,,,0,,,,,,,,,0,,,,,,,,,0,,,,,,,,,0,,,,,,,,,0,,,,,,,,,0,,,,,,,,,,
phase4_tokenizer_granularity,MF001,BPE merge min-frequency sweep min_frequency=1,exploratory,tokenizer_min_frequency,1,3,0,False,False,0,,,,,,,,,0,,,,,,,,,0,,,,,,,,,0,,,,,,,,,0,,,,,,,,,0,,,,,,,,,0,,,,,,,,,0,,,,,,,,,0,,,,,,,,,0,,,,,,,,,0,,,,,,,,,,
phase4_tokenizer_granularity,MF002,BPE merge min-frequency sweep min_frequency=2,exploratory,tokenizer_min_frequency,2,3,0,False,False,0,,,,,,,,,0,,,,,,,,,0,,,,,,,,,0,,,,,,,,,0,,,,,,,,,0,,,,,,,,,0,,,,,,,,,0,,,,,,,,,0,,,,,,,,,0,,,,,,,,,0,,,,,,,,,,
phase4_tokenizer_granularity,MF003,BPE merge min-frequency sweep min_frequency=3,exploratory,tokenizer_min_frequency,3,3,0,False,False,0,,,,,,,,,0,,,,,,,,,0,,,,,,,,,0,,,,,,,,,0,,,,,,,,,0,,,,,,,,,0,,,,,,,,,0,,,,,,,,,0,,,,,,,,,0,,,,,,,,,0,,,,,,,,,,
phase4_tokenizer_granularity,MF004,BPE merge min-frequency sweep min_frequency=4,exploratory,tokenizer_min_frequency,4,3,0,False,False,0,,,,,,,,,0,,,,,,,,,0,,,,,,,,,0,,,,,,,,,0,,,,,,,,,0,,,,,,,,,0,,,,,,,,,0,,,,,,,,,0,,,,,,,,,0,,,,,,,,,0,,,,,,,,,,
phase4_tokenizer_granularity,MF005,BPE merge min-frequency sweep min_frequency=5,exploratory,tokenizer_min_frequency,5,3,0,False,False,0,,,,,,,,,0,,,,,,,,,0,,,,,,,,,0,,,,,,,,,0,,,,,,,,,0,,,,,,,,,0,,,,,,,,,0,,,,,,,,,0,,,,,,,,,0,,,,,,,,,0,,,,,,,,,,
phase4_tokenizer_granularity,MF008,BPE merge min-frequency sweep min_frequency=8,exploratory,tokenizer_min_frequency,8,3,0,False,False,0,,,,,,,,,0,,,,,,,,,0,,,,,,,,,0,,,,,,,,,0,,,,,,,,,0,,,,,,,,,0,,,,,,,,,0,,,,,,,,,0,,,,,,,,,0,,,,,,,,,0,,,,,,,,,,
phase4_tokenizer_granularity,MF013,BPE merge min-frequency sweep min_frequency=13,exploratory,tokenizer_min_frequency,13,3,0,False,False,0,,,,,,,,,0,,,,,,,,,0,,,,,,,,,0,,,,,,,,,0,,,,,,,,,0,,,,,,,,,0,,,,,,,,,0,,,,,,,,,0,,,,,,,,,0,,,,,,,,,0,,,,,,,,,,
phase4_tokenizer_granularity,MF021,BPE merge min-frequency sweep min_frequency=21,exploratory,tokenizer_min_frequency,21,3,0,False,False,0,,,,,,,,,0,,,,,,,,,0,,,,,,,,,0,,,,,,,,,0,,,,,,,,,0,,,,,,,,,0,,,,,,,,,0,,,,,,,,,0,,,,,,,,,0,,,,,,,,,0,,,,,,,,,,
phase4_tokenizer_granularity,MF034,BPE merge min-frequency sweep min_frequency=34,exploratory,tokenizer_min_frequency,34,3,0,False,False,0,,,,,,,,,0,,,,,,,,,0,,,,,,,,,0,,,,,,,,,0,,,,,,,,,0,,,,,,,,,0,,,,,,,,,0,,,,,,,,,0,,,,,,,,,0,,,,,,,,,0,,,,,,,,,,
phase4_tokenizer_granularity,MF055,BPE merge min-frequency sweep min_frequency=55,exploratory,tokenizer_min_frequency,55,3,0,False,False,0,,,,,,,,,0,,,,,,,,,0,,,,,,,,,0,,,,,,,,,0,,,,,,,,,0,,,,,,,,,0,,,,,,,,,0,,,,,,,,,0,,,,,,,,,0,,,,,,,,,0,,,,,,,,,,
phase5_capacity,M031,capacity growth sweep 31M baseline,exploratory,capacity,31M baseline,3,0,False,False,0,,,,,,,,,0,,,,,,,,,0,,,,,,,,,0,,,,,,,,,0,,,,,,,,,0,,,,,,,,,0,,,,,,,,,0,,,,,,,,,0,,,,,,,,,0,,,,,,,,,0,,,,,,,,,,
phase5_capacity,M044,capacity growth sweep 44M deeper,exploratory,capacity,44M deeper,3,0,False,False,0,,,,,,,,,0,,,,,,,,,0,,,,,,,,,0,,,,,,,,,0,,,,,,,,,0,,,,,,,,,0,,,,,,,,,0,,,,,,,,,0,,,,,,,,,0,,,,,,,,,0,,,,,,,,,,
phase5_capacity,M057,capacity growth sweep 57M deepest 512-width,exploratory,capacity,57M deepest 512-width,3,0,False,False,0,,,,,,,,,0,,,,,,,,,0,,,,,,,,,0,,,,,,,,,0,,,,,,,,,0,,,,,,,,,0,,,,,,,,,0,,,,,,,,,0,,,,,,,,,0,,,,,,,,,0,,,,,,,,,,
phase5_capacity,M066,capacity growth sweep 66M wider,exploratory,capacity,66M wider,3,0,False,False,0,,,,,,,,,0,,,,,,,,,0,,,,,,,,,0,,,,,,,,,0,,,,,,,,,0,,,,,,,,,0,,,,,,,,,0,,,,,,,,,0,,,,,,,,,0,,,,,,,,,0,,,,,,,,,,
phase5_capacity,M098,capacity growth sweep 98M wide-deep,exploratory,capacity,98M wide-deep,3,0,False,False,0,,,,,,,,,0,,,,,,,,,0,,,,,,,,,0,,,,,,,,,0,,,,,,,,,0,,,,,,,,,0,,,,,,,,,0,,,,,,,,,0,,,,,,,,,0,,,,,,,,,0,,,,,,,,,,
phase5_capacity,M130,capacity growth sweep 130M widest-deep 768-width,exploratory,capacity,130M widest-deep 768-width,3,0,False,False,0,,,,,,,,,0,,,,,,,,,0,,,,,,,,,0,,,,,,,,,0,,,,,,,,,0,,,,,,,,,0,,,,,,,,,0,,,,,,,,,0,,,,,,,,,0,,,,,,,,,0,,,,,,,,,,
phase5_capacity,M110,capacity growth sweep 110M 1024-width,exploratory,capacity,110M 1024-width,3,0,False,False,0,,,,,,,,,0,,,,,,,,,0,,,,,,,,,0,,,,,,,,,0,,,,,,,,,0,,,,,,,,,0,,,,,,,,,0,,,,,,,,,0,,,,,,,,,0,,,,,,,,,0,,,,,,,,,,
phase5_capacity,M160,capacity growth sweep 160M 1024-width deep,exploratory,capacity,160M 1024-width deep,3,0,False,False,0,,,,,,,,,0,,,,,,,,,0,,,,,,,,,0,,,,,,,,,0,,,,,,,,,0,,,,,,,,,0,,,,,,,,,0,,,,,,,,,0,,,,,,,,,0,,,,,,,,,0,,,,,,,,,,
phase5_capacity,M210,capacity growth sweep 210M 1024-width deepest,exploratory,capacity,210M 1024-width deepest,3,0,False,False,0,,,,,,,,,0,,,,,,,,,0,,,,,,,,,0,,,,,,,,,0,,,,,,,,,0,,,,,,,,,0,,,,,,,,,0,,,,,,,,,0,,,,,,,,,0,,,,,,,,,0,,,,,,,,,,
phase5_capacity,M240,capacity growth sweep 240M 1280-width deep,exploratory,capacity,240M 1280-width deep,3,0,False,False,0,,,,,,,,,0,,,,,,,,,0,,,,,,,,,0,,,,,,,,,0,,,,,,,,,0,,,,,,,,,0,,,,,,,,,0,,,,,,,,,0,,,,,,,,,0,,,,,,,,,0,,,,,,,,,,
phase6_context,CTX0256,context-length growth sweep context=256,exploratory,context_length,256,3,3,True,False,3,3.6152832309625365,3.605296268299023,0.024218662011819676,0.022621649414022116,3.597655062880271,3.642898361708316,3.597655062880271,3.6428983617083155,3,5.732173331578573,5.7163386106491085,0.038399638324797813,0.035867512226104736,5.7042231798172,5.7759582042694095,5.7042231798172,5.7759582042694095,3,5.732173331578573,5.7163386106491085,0.038399638324797813,0.035867512226104736,5.7042231798172,5.7759582042694095,5.7042231798172,5.7759582042694095,3,-0.5447205622990925,-0.534429049491882,0.11741149617960368,0.11707272529601997,-0.6669390439987177,-0.4327935934066778,-0.6669390439987177,-0.4327935934066778,3,-0.5517474889755244,-0.53036983013153,0.14584838361292335,0.1446685791015616,-0.7071048974990832,-0.41776773929596,-0.7071048974990832,-0.41776773929596,3,-0.5517474889755244,-0.53036983013153,0.14584838361292335,0.1446685791015616,-0.7071048974990832,-0.41776773929596,-0.7071048974990832,-0.41776773929596,3,0.0,0.0,0.0,0.0,0.0,0.0,0.0,0.0,3,295.6775939719907,288.690986166941,30.558529914162722,29.953534583561122,269.2173632909544,329.1244324580766,269.2173632909544,329.1244324580766,3,2956.7759397199065,2886.90986166941,305.5852991416272,299.5353458356112,2692.173632909544,3291.2443245807663,2692.173632909544,3291.2443245807663,3,2259.780880592285,2298.4853417497716,226.80630778443154,224.315792501749,2016.112857511793,2464.744442515291,2016.112857511793,2464.744442515291,0,,,,,,,,,,
phase6_context,CTX0384,context-length growth sweep context=384,exploratory,context_length,384,3,3,True,False,3,3.733471026518221,3.7149392911606673,0.037958018517119226,0.03439828859440741,3.7083386056025907,3.777135182791406,3.7083386056025907,3.777135182791406,3,5.91956471602122,5.890181922912598,0.06018392683592555,0.05453983545303398,5.879716277122498,5.988795948028565,5.879716277122498,5.988795948028565,3,5.91956471602122,5.890181922912598,0.06018392683592555,0.05453983545303398,5.879716277122498,5.988795948028565,5.879716277122498,5.988795948028565,3,-0.38055728276570616,-0.37873916625976545,0.013401437948247255,0.013308620452880948,-0.39477496147155744,-0.36815772056579554,-0.39477496147155744,-0.36815772056579554,3,-0.3891125996907541,-0.38496026992797727,0.007326125546865148,0.00638284683227619,-0.39757161140441877,-0.3848059177398664,-0.39757161140441877,-0.3848059177398664,3,-0.3891125996907541,-0.38496026992797727,0.007326125546865148,0.00638284683227619,-0.39757161140441877,-0.3848059177398664,-0.39757161140441877,-0.3848059177398664,3,0.0,0.0,0.0,0.0,0.0,0.0,0.0,0.0,3,297.9969876529649,307.290243208874,37.05943634526512,36.17496887501329,257.17539099999703,329.5253287500236,257.17539099999703,329.5253287500236,3,2979.969876529649,3072.90243208874,370.5943634526512,361.7496887501329,2571.7539099999703,3295.253287500236,2571.7539099999703,3295.253287500236,3,2251.0597672552376,2159.365663780495,294.1675905940666,283.24673854590264,2013.6600804467066,2580.1535575385114,2013.6600804467066,2580.1535575385114,0,,,,,,,,,,
phase6_context,CTX0512,context-length growth sweep context=512,exploratory,context_length,512,3,0,False,False,0,,,,,,,,,0,,,,,,,,,0,,,,,,,,,0,,,,,,,,,0,,,,,,,,,0,,,,,,,,,0,,,,,,,,,0,,,,,,,,,0,,,,,,,,,0,,,,,,,,,0,,,,,,,,,,
phase6_context,CTX0640,context-length growth sweep context=640,exploratory,context_length,640,3,0,False,False,0,,,,,,,,,0,,,,,,,,,0,,,,,,,,,0,,,,,,,,,0,,,,,,,,,0,,,,,,,,,0,,,,,,,,,0,,,,,,,,,0,,,,,,,,,0,,,,,,,,,0,,,,,,,,,,
phase6_context,CTX0768,context-length growth sweep context=768,exploratory,context_length,768,3,0,False,False,0,,,,,,,,,0,,,,,,,,,0,,,,,,,,,0,,,,,,,,,0,,,,,,,,,0,,,,,,,,,0,,,,,,,,,0,,,,,,,,,0,,,,,,,,,0,,,,,,,,,0,,,,,,,,,,
phase6_context,CTX1024,context-length growth sweep context=1024,exploratory,context_length,1024,3,0,False,False,0,,,,,,,,,0,,,,,,,,,0,,,,,,,,,0,,,,,,,,,0,,,,,,,,,0,,,,,,,,,0,,,,,,,,,0,,,,,,,,,0,,,,,,,,,0,,,,,,,,,0,,,,,,,,,,
phase6_context,CTX1280,context-length growth sweep context=1280,exploratory,context_length,1280,3,0,False,False,0,,,,,,,,,0,,,,,,,,,0,,,,,,,,,0,,,,,,,,,0,,,,,,,,,0,,,,,,,,,0,,,,,,,,,0,,,,,,,,,0,,,,,,,,,0,,,,,,,,,0,,,,,,,,,,
phase6_context,CTX1536,context-length growth sweep context=1536,exploratory,context_length,1536,3,0,False,False,0,,,,,,,,,0,,,,,,,,,0,,,,,,,,,0,,,,,,,,,0,,,,,,,,,0,,,,,,,,,0,,,,,,,,,0,,,,,,,,,0,,,,,,,,,0,,,,,,,,,0,,,,,,,,,,
phase6_context,CTX2048,context-length growth sweep context=2048,exploratory,context_length,2048,3,0,False,False,0,,,,,,,,,0,,,,,,,,,0,,,,,,,,,0,,,,,,,,,0,,,,,,,,,0,,,,,,,,,0,,,,,,,,,0,,,,,,,,,0,,,,,,,,,0,,,,,,,,,0,,,,,,,,,,
phase7_batch_size,BS001,batch-size sweep batch_size=1,exploratory,batch_size,1,3,0,False,False,0,,,,,,,,,0,,,,,,,,,0,,,,,,,,,0,,,,,,,,,0,,,,,,,,,0,,,,,,,,,0,,,,,,,,,0,,,,,,,,,0,,,,,,,,,0,,,,,,,,,0,,,,,,,,,,
phase7_batch_size,BS002,batch-size sweep batch_size=2,exploratory,batch_size,2,3,0,False,False,0,,,,,,,,,0,,,,,,,,,0,,,,,,,,,0,,,,,,,,,0,,,,,,,,,0,,,,,,,,,0,,,,,,,,,0,,,,,,,,,0,,,,,,,,,0,,,,,,,,,0,,,,,,,,,,
phase7_batch_size,BS004,batch-size sweep batch_size=4,exploratory,batch_size,4,3,0,False,False,0,,,,,,,,,0,,,,,,,,,0,,,,,,,,,0,,,,,,,,,0,,,,,,,,,0,,,,,,,,,0,,,,,,,,,0,,,,,,,,,0,,,,,,,,,0,,,,,,,,,0,,,,,,,,,,
phase7_batch_size,BS008,batch-size sweep batch_size=8,exploratory,batch_size,8,3,0,False,False,0,,,,,,,,,0,,,,,,,,,0,,,,,,,,,0,,,,,,,,,0,,,,,,,,,0,,,,,,,,,0,,,,,,,,,0,,,,,,,,,0,,,,,,,,,0,,,,,,,,,0,,,,,,,,,,
phase7_batch_size,BS016,batch-size sweep batch_size=16,exploratory,batch_size,16,3,0,False,False,0,,,,,,,,,0,,,,,,,,,0,,,,,,,,,0,,,,,,,,,0,,,,,,,,,0,,,,,,,,,0,,,,,,,,,0,,,,,,,,,0,,,,,,,,,0,,,,,,,,,0,,,,,,,,,,
phase8_dropout,DO000,dropout sweep dropout=0,exploratory,drop_rate,0,3,0,False,False,0,,,,,,,,,0,,,,,,,,,0,,,,,,,,,0,,,,,,,,,0,,,,,,,,,0,,,,,,,,,0,,,,,,,,,0,,,,,,,,,0,,,,,,,,,0,,,,,,,,,0,,,,,,,,,,
phase8_dropout,DO020,dropout sweep dropout=0.02,exploratory,drop_rate,0.02,3,0,False,False,0,,,,,,,,,0,,,,,,,,,0,,,,,,,,,0,,,,,,,,,0,,,,,,,,,0,,,,,,,,,0,,,,,,,,,0,,,,,,,,,0,,,,,,,,,0,,,,,,,,,0,,,,,,,,,,
phase8_dropout,DO030,dropout sweep dropout=0.03,exploratory,drop_rate,0.03,3,0,False,False,0,,,,,,,,,0,,,,,,,,,0,,,,,,,,,0,,,,,,,,,0,,,,,,,,,0,,,,,,,,,0,,,,,,,,,0,,,,,,,,,0,,,,,,,,,0,,,,,,,,,0,,,,,,,,,,
phase8_dropout,DO050,dropout sweep dropout=0.05,exploratory,drop_rate,0.05,3,0,False,False,0,,,,,,,,,0,,,,,,,,,0,,,,,,,,,0,,,,,,,,,0,,,,,,,,,0,,,,,,,,,0,,,,,,,,,0,,,,,,,,,0,,,,,,,,,0,,,,,,,,,0,,,,,,,,,,
phase8_dropout,DO080,dropout sweep dropout=0.08,exploratory,drop_rate,0.08,3,0,False,False,0,,,,,,,,,0,,,,,,,,,0,,,,,,,,,0,,,,,,,,,0,,,,,,,,,0,,,,,,,,,0,,,,,,,,,0,,,,,,,,,0,,,,,,,,,0,,,,,,,,,0,,,,,,,,,,
phase8_dropout,DO100,dropout sweep dropout=0.1,exploratory,drop_rate,0.1,3,0,False,False,0,,,,,,,,,0,,,,,,,,,0,,,,,,,,,0,,,,,,,,,0,,,,,,,,,0,,,,,,,,,0,,,,,,,,,0,,,,,,,,,0,,,,,,,,,0,,,,,,,,,0,,,,,,,,,,
phase8_dropout,DO120,dropout sweep dropout=0.12,exploratory,drop_rate,0.12,3,0,False,False,0,,,,,,,,,0,,,,,,,,,0,,,,,,,,,0,,,,,,,,,0,,,,,,,,,0,,,,,,,,,0,,,,,,,,,0,,,,,,,,,0,,,,,,,,,0,,,,,,,,,0,,,,,,,,,,
phase8_dropout,DO150,dropout sweep dropout=0.15,exploratory,drop_rate,0.15,3,0,False,False,0,,,,,,,,,0,,,,,,,,,0,,,,,,,,,0,,,,,,,,,0,,,,,,,,,0,,,,,,,,,0,,,,,,,,,0,,,,,,,,,0,,,,,,,,,0,,,,,,,,,0,,,,,,,,,,
phase8_dropout,DO200,dropout sweep dropout=0.2,exploratory,drop_rate,0.2,3,0,False,False,0,,,,,,,,,0,,,,,,,,,0,,,,,,,,,0,,,,,,,,,0,,,,,,,,,0,,,,,,,,,0,,,,,,,,,0,,,,,,,,,0,,,,,,,,,0,,,,,,,,,0,,,,,,,,,,
phase8_dropout,DO300,dropout sweep dropout=0.3,exploratory,drop_rate,0.3,3,0,False,False,0,,,,,,,,,0,,,,,,,,,0,,,,,,,,,0,,,,,,,,,0,,,,,,,,,0,,,,,,,,,0,,,,,,,,,0,,,,,,,,,0,,,,,,,,,0,,,,,,,,,0,,,,,,,,,,
phase8_dropout,DO400,dropout sweep dropout=0.4,exploratory,drop_rate,0.4,3,0,False,False,0,,,,,,,,,0,,,,,,,,,0,,,,,,,,,0,,,,,,,,,0,,,,,,,,,0,,,,,,,,,0,,,,,,,,,0,,,,,,,,,0,,,,,,,,,0,,,,,,,,,0,,,,,,,,,,
phase9_weight_decay,WD000,weight-decay sweep weight_decay=0,exploratory,weight_decay,0,3,0,False,False,0,,,,,,,,,0,,,,,,,,,0,,,,,,,,,0,,,,,,,,,0,,,,,,,,,0,,,,,,,,,0,,,,,,,,,0,,,,,,,,,0,,,,,,,,,0,,,,,,,,,0,,,,,,,,,,
phase9_weight_decay,WD005,weight-decay sweep weight_decay=0.005,exploratory,weight_decay,0.005,3,0,False,False,0,,,,,,,,,0,,,,,,,,,0,,,,,,,,,0,,,,,,,,,0,,,,,,,,,0,,,,,,,,,0,,,,,,,,,0,,,,,,,,,0,,,,,,,,,0,,,,,,,,,0,,,,,,,,,,
phase9_weight_decay,WD010,weight-decay sweep weight_decay=0.01,exploratory,weight_decay,0.01,3,0,False,False,0,,,,,,,,,0,,,,,,,,,0,,,,,,,,,0,,,,,,,,,0,,,,,,,,,0,,,,,,,,,0,,,,,,,,,0,,,,,,,,,0,,,,,,,,,0,,,,,,,,,0,,,,,,,,,,
phase9_weight_decay,WD020,weight-decay sweep weight_decay=0.02,exploratory,weight_decay,0.02,3,0,False,False,0,,,,,,,,,0,,,,,,,,,0,,,,,,,,,0,,,,,,,,,0,,,,,,,,,0,,,,,,,,,0,,,,,,,,,0,,,,,,,,,0,,,,,,,,,0,,,,,,,,,0,,,,,,,,,,
phase9_weight_decay,WD030,weight-decay sweep weight_decay=0.03,exploratory,weight_decay,0.03,3,0,False,False,0,,,,,,,,,0,,,,,,,,,0,,,,,,,,,0,,,,,,,,,0,,,,,,,,,0,,,,,,,,,0,,,,,,,,,0,,,,,,,,,0,,,,,,,,,0,,,,,,,,,0,,,,,,,,,,
phase9_weight_decay,WD050,weight-decay sweep weight_decay=0.05,exploratory,weight_decay,0.05,3,0,False,False,0,,,,,,,,,0,,,,,,,,,0,,,,,,,,,0,,,,,,,,,0,,,,,,,,,0,,,,,,,,,0,,,,,,,,,0,,,,,,,,,0,,,,,,,,,0,,,,,,,,,0,,,,,,,,,,
phase9_weight_decay,WD075,weight-decay sweep weight_decay=0.075,exploratory,weight_decay,0.075,3,0,False,False,0,,,,,,,,,0,,,,,,,,,0,,,,,,,,,0,,,,,,,,,0,,,,,,,,,0,,,,,,,,,0,,,,,,,,,0,,,,,,,,,0,,,,,,,,,0,,,,,,,,,0,,,,,,,,,,
phase9_weight_decay,WD100,weight-decay sweep weight_decay=0.1,exploratory,weight_decay,0.1,3,0,False,False,0,,,,,,,,,0,,,,,,,,,0,,,,,,,,,0,,,,,,,,,0,,,,,,,,,0,,,,,,,,,0,,,,,,,,,0,,,,,,,,,0,,,,,,,,,0,,,,,,,,,0,,,,,,,,,,
phase9_weight_decay,WD150,weight-decay sweep weight_decay=0.15,exploratory,weight_decay,0.15,3,0,False,False,0,,,,,,,,,0,,,,,,,,,0,,,,,,,,,0,,,,,,,,,0,,,,,,,,,0,,,,,,,,,0,,,,,,,,,0,,,,,,,,,0,,,,,,,,,0,,,,,,,,,0,,,,,,,,,,
phase9_weight_decay,WD200,weight-decay sweep weight_decay=0.2,exploratory,weight_decay,0.2,3,0,False,False,0,,,,,,,,,0,,,,,,,,,0,,,,,,,,,0,,,,,,,,,0,,,,,,,,,0,,,,,,,,,0,,,,,,,,,0,,,,,,,,,0,,,,,,,,,0,,,,,,,,,0,,,,,,,,,,
phase9_weight_decay,WD300,weight-decay sweep weight_decay=0.3,exploratory,weight_decay,0.3,3,0,False,False,0,,,,,,,,,0,,,,,,,,,0,,,,,,,,,0,,,,,,,,,0,,,,,,,,,0,,,,,,,,,0,,,,,,,,,0,,,,,,,,,0,,,,,,,,,0,,,,,,,,,0,,,,,,,,,,
phase9_weight_decay,WD500,weight-decay sweep weight_decay=0.5,exploratory,weight_decay,0.5,3,0,False,False,0,,,,,,,,,0,,,,,,,,,0,,,,,,,,,0,,,,,,,,,0,,,,,,,,,0,,,,,,,,,0,,,,,,,,,0,,,,,,,,,0,,,,,,,,,0,,,,,,,,,0,,,,,,,,,,
phase10_grad_clip,GC000,gradient clipping sweep grad_clip=0,exploratory,grad_clip,0,3,0,False,False,0,,,,,,,,,0,,,,,,,,,0,,,,,,,,,0,,,,,,,,,0,,,,,,,,,0,,,,,,,,,0,,,,,,,,,0,,,,,,,,,0,,,,,,,,,0,,,,,,,,,0,,,,,,,,,,
phase10_grad_clip,GC025,gradient clipping sweep grad_clip=0.25,exploratory,grad_clip,0.25,3,0,False,False,0,,,,,,,,,0,,,,,,,,,0,,,,,,,,,0,,,,,,,,,0,,,,,,,,,0,,,,,,,,,0,,,,,,,,,0,,,,,,,,,0,,,,,,,,,0,,,,,,,,,0,,,,,,,,,,
phase10_grad_clip,GC050,gradient clipping sweep grad_clip=0.5,exploratory,grad_clip,0.5,3,0,False,False,0,,,,,,,,,0,,,,,,,,,0,,,,,,,,,0,,,,,,,,,0,,,,,,,,,0,,,,,,,,,0,,,,,,,,,0,,,,,,,,,0,,,,,,,,,0,,,,,,,,,0,,,,,,,,,,
phase10_grad_clip,GC100,gradient clipping sweep grad_clip=1,exploratory,grad_clip,1,3,0,False,False,0,,,,,,,,,0,,,,,,,,,0,,,,,,,,,0,,,,,,,,,0,,,,,,,,,0,,,,,,,,,0,,,,,,,,,0,,,,,,,,,0,,,,,,,,,0,,,,,,,,,0,,,,,,,,,,
phase10_grad_clip,GC200,gradient clipping sweep grad_clip=2,exploratory,grad_clip,2,3,0,False,False,0,,,,,,,,,0,,,,,,,,,0,,,,,,,,,0,,,,,,,,,0,,,,,,,,,0,,,,,,,,,0,,,,,,,,,0,,,,,,,,,0,,,,,,,,,0,,,,,,,,,0,,,,,,,,,,
phase10_grad_clip,GC500,gradient clipping sweep grad_clip=5,exploratory,grad_clip,5,3,0,False,False,0,,,,,,,,,0,,,,,,,,,0,,,,,,,,,0,,,,,,,,,0,,,,,,,,,0,,,,,,,,,0,,,,,,,,,0,,,,,,,,,0,,,,,,,,,0,,,,,,,,,0,,,,,,,,,,
phase11_ffn_mult,FFN02,FFN multiplier sweep ffn_mult=2,exploratory,ffn_mult,2,3,3,True,False,3,3.886969953307188,3.866415070932641,0.08806532734883218,0.08624746076832235,3.8109999337261384,3.983494855262784,3.8109999337261384,3.983494855262784,3,6.162943283716838,6.130352711677551,0.13963102988512274,0.13674873113632202,6.042489838600159,6.315987300872803,6.0717774629592896,6.315987300872803,3,6.162943283716838,6.130352711677551,0.13963102988512274,0.13674873113632202,6.042489838600159,6.315987300872803,6.042489838600159,6.315987300872803,3,-0.3094708363215126,-0.2923408985137943,0.12155269953670421,0.12064403295516968,-0.43867983818054146,-0.1973917722702021,-0.43867983818054146,-0.1973917722702021,3,-0.3123763640721637,-0.30657730102539205,0.14938536357237628,0.14930092096328718,-0.46457681655883665,-0.1659749746322623,-0.46457681655883665,-0.21284241676330554,3,-0.3123763640721637,-0.30657730102539205,0.14938536357237628,0.14930092096328718,-0.46457681655883665,-0.1659749746322623,-0.46457681655883665,-0.1659749746322623,3,0.0,0.0,0.0,0.0,0.0,0.0,0.0,0.0,3,247.58110506933494,228.88926187483594,61.80040161288837,59.64269350061659,197.28433316596784,316.569720167201,197.28433316596784,316.569720167201,3,2475.8110506933494,2288.8926187483594,618.0040161288837,596.4269350061659,1972.8433316596784,3165.69720167201,1972.8433316596784,3165.69720167201,3,2786.1692383063037,2899.008868152372,641.1710946169327,633.6803500381143,2096.0690733451547,3363.4297734213837,2096.0690733451547,3363.4297734213837,0,,,,,,,,,,
phase11_ffn_mult,FFN03,FFN multiplier sweep ffn_mult=3,exploratory,ffn_mult,3,3,3,True,False,3,3.854413662701034,3.856289125679821,0.029012151968232522,0.02896665221921957,3.824509278992421,3.8824425834308602,3.824509278992421,3.8824425834308602,3,6.111324008305868,6.11429762840271,0.04599990462150627,0.04592776298522949,6.063909435272217,6.155764961242676,6.063909435272217,6.155764961242676,3,6.111324008305868,6.11429762840271,0.04599990462150627,0.04592776298522949,6.063909435272217,6.155764961242676,6.063909435272217,6.155764961242676,3,-0.32960210641225157,-0.2959342241287235,0.07351533804133113,0.06748600006103533,-0.4139220476150509,-0.27895004749298025,-0.4139220476150509,-0.27895004749298025,3,-0.29275141557057677,-0.30092756748199534,0.08133300111345909,0.08102419376373327,-0.3696875333786007,-0.2076391458511342,-0.3696875333786007,-0.2076391458511342,3,-0.29275141557057677,-0.30092756748199534,0.08133300111345909,0.08102419376373327,-0.3696875333786007,-0.2076391458511342,-0.3696875333786007,-0.2076391458511342,3,0.0,0.0,0.0,0.0,0.0,0.0,0.0,0.0,3,228.01001190308793,222.96475766715594,11.52325487289751,10.662760437000543,219.86987858405337,241.19539945805445,219.86987858405337,241.19539945805445,3,2280.1001190308793,2229.6475766715594,115.2325487289751,106.62760437000543,2198.6987858405337,2411.9539945805445,2198.6987858405337,2411.9539945805445,3,2915.0225080675427,2976.03983222567,143.50025661862068,133.41659665891075,2751.097249329568,3017.9304426473896,2751.097249329568,3004.31599426033,0,,,,,,,,,,
phase11_ffn_mult,FFN04,FFN multiplier sweep ffn_mult=4,exploratory,ffn_mult,4,3,0,False,False,0,,,,,,,,,0,,,,,,,,,0,,,,,,,,,0,,,,,,,,,0,,,,,,,,,0,,,,,,,,,0,,,,,,,,,0,,,,,,,,,0,,,,,,,,,0,,,,,,,,,0,,,,,,,,,,
phase11_ffn_mult,FFN05,FFN multiplier sweep ffn_mult=5,exploratory,ffn_mult,5,3,0,False,False,0,,,,,,,,,0,,,,,,,,,0,,,,,,,,,0,,,,,,,,,0,,,,,,,,,0,,,,,,,,,0,,,,,,,,,0,,,,,,,,,0,,,,,,,,,0,,,,,,,,,0,,,,,,,,,,
phase11_ffn_mult,FFN06,FFN multiplier sweep ffn_mult=6,exploratory,ffn_mult,6,3,0,False,False,0,,,,,,,,,0,,,,,,,,,0,,,,,,,,,0,,,,,,,,,0,,,,,,,,,0,,,,,,,,,0,,,,,,,,,0,,,,,,,,,0,,,,,,,,,0,,,,,,,,,0,,,,,,,,,,
phase11_ffn_mult,FFN08,FFN multiplier sweep ffn_mult=8,exploratory,ffn_mult,8,3,0,False,False,0,,,,,,,,,0,,,,,,,,,0,,,,,,,,,0,,,,,,,,,0,,,,,,,,,0,,,,,,,,,0,,,,,,,,,0,,,,,,,,,0,,,,,,,,,0,,,,,,,,,0,,,,,,,,,,
phase12_activation,ACT_GELU,activation sweep activation=gelu,exploratory,activation_name,gelu,3,0,False,False,0,,,,,,,,,0,,,,,,,,,0,,,,,,,,,0,,,,,,,,,0,,,,,,,,,0,,,,,,,,,0,,,,,,,,,0,,,,,,,,,0,,,,,,,,,0,,,,,,,,,0,,,,,,,,,,
phase12_activation,ACT_GELUEXACT,activation sweep activation=gelu_exact,exploratory,activation_name,gelu_exact,3,0,False,False,0,,,,,,,,,0,,,,,,,,,0,,,,,,,,,0,,,,,,,,,0,,,,,,,,,0,,,,,,,,,0,,,,,,,,,0,,,,,,,,,0,,,,,,,,,0,,,,,,,,,0,,,,,,,,,,
phase12_activation,ACT_QUICKGELU,activation sweep activation=quick_gelu,exploratory,activation_name,quick_gelu,3,0,False,False,0,,,,,,,,,0,,,,,,,,,0,,,,,,,,,0,,,,,,,,,0,,,,,,,,,0,,,,,,,,,0,,,,,,,,,0,,,,,,,,,0,,,,,,,,,0,,,,,,,,,0,,,,,,,,,,
phase12_activation,ACT_RELU,activation sweep activation=relu,exploratory,activation_name,relu,3,0,False,False,0,,,,,,,,,0,,,,,,,,,0,,,,,,,,,0,,,,,,,,,0,,,,,,,,,0,,,,,,,,,0,,,,,,,,,0,,,,,,,,,0,,,,,,,,,0,,,,,,,,,0,,,,,,,,,,
phase12_activation,ACT_SILU,activation sweep activation=silu,exploratory,activation_name,silu,3,0,False,False,0,,,,,,,,,0,,,,,,,,,0,,,,,,,,,0,,,,,,,,,0,,,,,,,,,0,,,,,,,,,0,,,,,,,,,0,,,,,,,,,0,,,,,,,,,0,,,,,,,,,0,,,,,,,,,,
phase12_activation,ACT_SWISH,activation sweep activation=swish,exploratory,activation_name,swish,3,0,False,False,0,,,,,,,,,0,,,,,,,,,0,,,,,,,,,0,,,,,,,,,0,,,,,,,,,0,,,,,,,,,0,,,,,,,,,0,,,,,,,,,0,,,,,,,,,0,,,,,,,,,0,,,,,,,,,,
phase12_activation,ACT_MISH,activation sweep activation=mish,exploratory,activation_name,mish,3,0,False,False,0,,,,,,,,,0,,,,,,,,,0,,,,,,,,,0,,,,,,,,,0,,,,,,,,,0,,,,,,,,,0,,,,,,,,,0,,,,,,,,,0,,,,,,,,,0,,,,,,,,,0,,,,,,,,,,
phase12_activation,ACT_SQUAREDRELU,activation sweep activation=squared_relu,exploratory,activation_name,squared_relu,3,0,False,False,0,,,,,,,,,0,,,,,,,,,0,,,,,,,,,0,,,,,,,,,0,,,,,,,,,0,,,,,,,,,0,,,,,,,,,0,,,,,,,,,0,,,,,,,,,0,,,,,,,,,0,,,,,,,,,,
phase12_activation,ACT_IDENTITY,activation sweep activation=identity,exploratory,activation_name,identity,3,0,False,False,0,,,,,,,,,0,,,,,,,,,0,,,,,,,,,0,,,,,,,,,0,,,,,,,,,0,,,,,,,,,0,,,,,,,,,0,,,,,,,,,0,,,,,,,,,0,,,,,,,,,0,,,,,,,,,,
phase12_activation,ACT_SWIGLU,activation sweep activation=swiglu,exploratory,activation_name,swiglu,3,0,False,False,0,,,,,,,,,0,,,,,,,,,0,,,,,,,,,0,,,,,,,,,0,,,,,,,,,0,,,,,,,,,0,,,,,,,,,0,,,,,,,,,0,,,,,,,,,0,,,,,,,,,0,,,,,,,,,,
phase12_activation,ACT_GEGLU,activation sweep activation=geglu,exploratory,activation_name,geglu,3,0,False,False,0,,,,,,,,,0,,,,,,,,,0,,,,,,,,,0,,,,,,,,,0,,,,,,,,,0,,,,,,,,,0,,,,,,,,,0,,,,,,,,,0,,,,,,,,,0,,,,,,,,,0,,,,,,,,,,
phase13_init_std,INIT005,initialization std sweep init_std=0.005,exploratory,init_std,0.005,3,0,False,False,0,,,,,,,,,0,,,,,,,,,0,,,,,,,,,0,,,,,,,,,0,,,,,,,,,0,,,,,,,,,0,,,,,,,,,0,,,,,,,,,0,,,,,,,,,0,,,,,,,,,0,,,,,,,,,,
phase13_init_std,INIT010,initialization std sweep init_std=0.01,exploratory,init_std,0.01,3,0,False,False,0,,,,,,,,,0,,,,,,,,,0,,,,,,,,,0,,,,,,,,,0,,,,,,,,,0,,,,,,,,,0,,,,,,,,,0,,,,,,,,,0,,,,,,,,,0,,,,,,,,,0,,,,,,,,,,
phase13_init_std,INIT015,initialization std sweep init_std=0.015,exploratory,init_std,0.015,3,0,False,False,0,,,,,,,,,0,,,,,,,,,0,,,,,,,,,0,,,,,,,,,0,,,,,,,,,0,,,,,,,,,0,,,,,,,,,0,,,,,,,,,0,,,,,,,,,0,,,,,,,,,0,,,,,,,,,,
phase13_init_std,INIT020,initialization std sweep init_std=0.02,exploratory,init_std,0.02,3,0,False,False,0,,,,,,,,,0,,,,,,,,,0,,,,,,,,,0,,,,,,,,,0,,,,,,,,,0,,,,,,,,,0,,,,,,,,,0,,,,,,,,,0,,,,,,,,,0,,,,,,,,,0,,,,,,,,,,
phase13_init_std,INIT030,initialization std sweep init_std=0.03,exploratory,init_std,0.03,3,0,False,False,0,,,,,,,,,0,,,,,,,,,0,,,,,,,,,0,,,,,,,,,0,,,,,,,,,0,,,,,,,,,0,,,,,,,,,0,,,,,,,,,0,,,,,,,,,0,,,,,,,,,0,,,,,,,,,,
phase13_init_std,INIT040,initialization std sweep init_std=0.04,exploratory,init_std,0.04,3,0,False,False,0,,,,,,,,,0,,,,,,,,,0,,,,,,,,,0,,,,,,,,,0,,,,,,,,,0,,,,,,,,,0,,,,,,,,,0,,,,,,,,,0,,,,,,,,,0,,,,,,,,,0,,,,,,,,,,
phase14_structure,STRUCT_BASE,structure baseline pre-LN tied embeddings SDPA no QKV bias,exploratory,structure,baseline,3,0,False,False,0,,,,,,,,,0,,,,,,,,,0,,,,,,,,,0,,,,,,,,,0,,,,,,,,,0,,,,,,,,,0,,,,,,,,,0,,,,,,,,,0,,,,,,,,,0,,,,,,,,,0,,,,,,,,,,
phase14_structure,STRUCT_QKVB,structure sweep QKV bias enabled,exploratory,structure,qkv_bias=True,3,0,False,False,0,,,,,,,,,0,,,,,,,,,0,,,,,,,,,0,,,,,,,,,0,,,,,,,,,0,,,,,,,,,0,,,,,,,,,0,,,,,,,,,0,,,,,,,,,0,,,,,,,,,0,,,,,,,,,,
phase14_structure,STRUCT_UNTIED,structure sweep untied input/output embeddings,exploratory,structure,tie_embeddings=False,3,0,False,False,0,,,,,,,,,0,,,,,,,,,0,,,,,,,,,0,,,,,,,,,0,,,,,,,,,0,,,,,,,,,0,,,,,,,,,0,,,,,,,,,0,,,,,,,,,0,,,,,,,,,0,,,,,,,,,,
phase14_structure,STRUCT_POSTLN,structure sweep post-LN transformer blocks,exploratory,structure,norm_first=False,3,0,False,False,0,,,,,,,,,0,,,,,,,,,0,,,,,,,,,0,,,,,,,,,0,,,,,,,,,0,,,,,,,,,0,,,,,,,,,0,,,,,,,,,0,,,,,,,,,0,,,,,,,,,0,,,,,,,,,,
phase14_structure,STRUCT_MANUALATT,structure sweep manual attention implementation,exploratory,structure,attention_impl=manual,3,0,False,False,0,,,,,,,,,0,,,,,,,,,0,,,,,,,,,0,,,,,,,,,0,,,,,,,,,0,,,,,,,,,0,,,,,,,,,0,,,,,,,,,0,,,,,,,,,0,,,,,,,,,0,,,,,,,,,,
phase14_structure,STRUCT_QKVB_UNTIED,structure sweep QKV bias plus untied embeddings,exploratory,structure,"qkv_bias=True,tie_embeddings=False",3,0,False,False,0,,,,,,,,,0,,,,,,,,,0,,,,,,,,,0,,,,,,,,,0,,,,,,,,,0,,,,,,,,,0,,,,,,,,,0,,,,,,,,,0,,,,,,,,,0,,,,,,,,,0,,,,,,,,,,
