experiment_id,title,source_md,comparison_group,changed_variable,changed_value,seed,vocab_size,context_length,emb_dim,n_heads,n_layers,ffn_mult,activation,drop_rate,norm_first,qkv_bias,weight_tying,stride,num_epochs,parameter_count,actual_vocab_size,bpe_merge_count,train_char_count,val_char_count,train_token_count,val_token_count,train_tokens_per_char,val_tokens_per_char,train_chars_per_token,val_chars_per_token,best_epoch,best_step,best_tokens_seen,best_val_loss,best_val_bits_per_char,final_epoch,final_step,final_tokens_seen,final_train_loss,final_val_loss,final_train_bits_per_char,final_val_bits_per_char,final_minus_best_val_loss,final_minus_best_val_bits_per_char,final_generalization_gap,gap_slope_last_quarter,overfit_score,tokens_per_parameter,tokens_per_sec_after_warmup,compute_proxy_param_tokens,estimated_train_flops
E00,E00 기준 모델,docs/HY/testresult/E00_baseline_result.md,weight_tying_5ep,tie_embeddings,,123,3000,128,192,4,4,4,,0.1,,False,False,128,5,2954112.0,3000,2740,1379486.0,120560.0,805021.0,70386.0,0.5835659078816313,0.5838254810882548,1.7136025022949712,1.7128406217145455,5.0,980.0,4014080.0,5.30197,4.465754565235216,5.0,980.0,4014080.0,5.08143,5.30197,4.278094745897197,4.465754565235216,0.0,0.0,0.22053999999999974,4.1628467793367905e-08,0.26216846779336767,1.3588110403397027,195309.0,11858041896960.0,71148251381760.0
E01,E01 context_length 64,docs/HY/testresult/E01_context_length_64_result.md,context_length,context_length,64,123,3000,64,192,4,4,4,,0.1,,False,False,64,5,2941824.0,3000,2740,1379486.0,120560.0,805021.0,70386.0,0.5835659078816313,0.5838254810882548,1.7136025022949712,1.7128406217145455,5.0,1965.0,4024320.0,5.14607,4.3344427817433875,5.0,1965.0,4024320.0,4.81739,5.14607,4.0557974522797124,4.3344427817433875,0.0,0.0,0.3286800000000003,6.580993468194799e-08,0.39448993468194826,1.367967628246965,102490.0,11838841159680.0,71033046958080.0
E02,E02 context_length 192,docs/HY/testresult/E02_context_length_192_result.md,context_length,context_length,192,123,3000,192,192,4,4,4,,0.1,,False,False,192,5,2966400.0,3000,2740,1379486.0,120560.0,805021.0,70386.0,0.5835659078816313,0.5838254810882548,1.7136025022949712,1.7128406217145455,5.0,655.0,4024320.0,5.38864,4.538755157122559,5.0,655.0,4024320.0,5.20391,5.38864,4.381211593807625,4.538755157122559,0.0,0.0,0.18473000000000006,5.664310989185836e-08,0.24137310989185842,1.3566343042071198,288414.0,11937742848000.0,71626457088000.0
E03,E03 context_length 256,docs/HY/testresult/E03_context_length_256_result.md,context_length,context_length,256,123,3000,256,192,4,4,4,,0.1,,False,False,256,5,2978688.0,3000,2740,1379486.0,120560.0,805021.0,70386.0,0.5835659078816313,0.5838254810882548,1.7136025022949712,1.7128406217145455,5.0,490.0,4014080.0,5.447,4.587910742014048,5.0,490.0,4014080.0,5.28709,5.447,4.451241471413679,4.587910742014048,0.0,0.0,0.15991,5.171795280612162e-08,0.21162795280612162,1.3476000171887756,340329.0,11956691927040.0,71740151562240.0
E04,E04 vocab_size 2000,docs/HY/testresult/E04_vocab_size_2000_result.md,vocab_size,vocab_size,2000,123,2000,128,192,4,4,4,,0.1,,False,False,128,5,2570112.0,2000,1740,1379486.0,120560.0,900849.0,78686.0,0.6530323613287847,0.6526708692767087,1.5313176792114993,1.532165823653509,5.0,1095.0,4485120.0,4.81135,4.530391343953417,5.0,1095.0,4485120.0,4.6316,4.81135,4.363553325409256,4.530391343953417,0.0,0.0,0.1797500000000003,5.777138157894694e-08,0.23752138157894725,1.7451068280292843,195012.0,11527260733440.0,69163564400640.0
E05,E05 vocab_size 4000,docs/HY/testresult/E05_vocab_size_4000_result.md,vocab_size,vocab_size,4000,123,4000,128,192,4,4,4,,0.1,,False,False,128,5,3338112.0,4000,3740,1379486.0,120560.0,750427.0,65634.0,0.5439902978355706,0.5444094226940942,1.8382680793734767,1.836852850656672,5.0,915.0,3747840.0,5.63839,4.428486086237044,5.0,915.0,3747840.0,5.34196,5.63839,4.192434872314089,4.428486086237044,0.0,0.0,0.29642999999999997,1.0824901810109347e-07,0.4046790181010934,1.122742436443115,195553.0,12510709678080.0,75064258068480.0
E06,E06 vocab_size 5000,docs/HY/testresult/E06_vocab_size_5000_result.md,vocab_size,vocab_size,5000,123,5000,128,192,4,4,4,,0.1,,False,False,128,5,3722112.0,5000,4740,1379486.0,120560.0,712949.0,62493.0,0.5168222076918504,0.5183560053085601,1.9349013744321122,1.9291760677195846,5.0,870.0,3563520.0,5.88253,4.399130282034029,5.0,870.0,3563520.0,5.55253,5.88253,4.140059850718895,4.399130282034029,0.0,0.0,0.33000000000000007,1.2828607668821824e-07,0.4582860766882183,0.9573919323222945,188826.0,13263820554240.0,79582923325440.0
E07,E07 emb_dim 128,docs/HY/testresult/E07_emb_dim_128_result.md,emb_dim,emb_dim,128,123,3000,128,128,4,4,4,,0.1,,False,False,128,5,1576192.0,3000,2740,1379486.0,120560.0,805021.0,70386.0,0.5835659078816313,0.5838254810882548,1.7136025022949712,1.7128406217145455,5.0,980.0,4014080.0,5.39211,4.541677876100858,5.0,980.0,4014080.0,5.24061,5.39211,4.412109604244536,4.541677876100858,0.0,0.0,0.15149999999999952,2.3081253985968477e-08,0.174581253985968,2.546694818905311,198884.0,6326960783360.0,37961764700160.0
E08,E08 emb_dim 256,docs/HY/testresult/E08_emb_dim_256_result.md,emb_dim,emb_dim,256,123,3000,128,256,4,4,4,,0.1,,False,False,128,5,4725248.0,3000,2740,1379486.0,120560.0,805021.0,70386.0,0.5835659078816313,0.5838254810882548,1.7136025022949712,1.7128406217145455,5.0,980.0,4014080.0,5.22917,4.404436426439801,5.0,980.0,4014080.0,4.9471,5.22917,4.165001292436976,4.404436426439801,0.0,0.0,0.28207000000000004,5.7323222257653554e-08,0.3393932222576536,0.8494961534294073,196909.0,18967523491840.0,113805140951040.0
E09,E09 n_heads 3,docs/HY/testresult/E09_n_heads_3_result.md,n_heads_5ep,n_heads,3,123,3000,128,192,3,4,4,,0.1,,False,False,128,5,2954112.0,3000,2740,1379486.0,120560.0,805021.0,70386.0,0.5835659078816313,0.5838254810882548,1.7136025022949712,1.7128406217145455,5.0,980.0,4014080.0,5.28845,4.454366910887496,5.0,980.0,4014080.0,5.07094,5.28845,4.269263134739617,4.454366910887496,0.0,0.0,0.21750999999999987,3.814074457908147e-08,0.2556507445790813,1.3588110403397027,200459.0,11858041896960.0,71148251381760.0
E10,E10 n_heads 6,docs/HY/testresult/E10_n_heads_6_result.md,n_heads_5ep,n_heads,6,123,3000,128,192,6,4,4,,0.1,,False,False,128,5,2954112.0,3000,2740,1379486.0,120560.0,805021.0,70386.0,0.5835659078816313,0.5838254810882548,1.7136025022949712,1.7128406217145455,5.0,980.0,4014080.0,5.30265,4.466327317081108,5.0,980.0,4014080.0,5.08364,5.30265,4.279955361784542,4.466327317081108,0.0,0.0,0.21900999999999993,3.862653459821454e-08,0.25763653459821445,1.3588110403397027,195740.0,11858041896960.0,71148251381760.0
E11,E11 n_layers 2,docs/HY/testresult/E11_n_layers_2_result.md,n_layers_5ep,n_layers,2,123,3000,128,192,4,2,4,,0.1,,False,False,128,5,2065536.0,3000,2740,1379486.0,120560.0,805021.0,70386.0,0.5835659078816313,0.5838254810882548,1.7136025022949712,1.7128406217145455,5.0,980.0,4014080.0,5.32126,4.482002187451748,5.0,980.0,4014080.0,5.09881,5.32126,4.29272710070356,4.482002187451748,0.0,0.0,0.22244999999999937,3.487723214285662e-08,0.257327232142856,1.943359980169796,324063.0,8291226746880.0,49747360481280.0
E12,E12 n_layers 6,docs/HY/testresult/E12_n_layers_6_result.md,n_layers_5ep,n_layers,6,123,3000,128,192,4,6,4,,0.1,,False,False,128,5,3842688.0,3000,2740,1379486.0,120560.0,805021.0,70386.0,0.5835659078816313,0.5838254810882548,1.7136025022949712,1.7128406217145455,5.0,980.0,4014080.0,5.31207,4.4742616147109535,5.0,980.0,4014080.0,5.10582,5.31207,4.298628873269301,4.4742616147109535,0.0,0.0,0.2062500000000007,4.4181979432399204e-08,0.2504319794323999,1.0446021118550348,141418.0,15424857047040.0,92549142282240.0
E13,E13 n_layers 8,docs/HY/testresult/E13_n_layers_8_result.md,n_layers_5ep,n_layers,8,123,3000,128,192,4,8,4,,0.1,,False,False,128,5,4731264.0,3000,2740,1379486.0,120560.0,805021.0,70386.0,0.5835659078816313,0.5838254810882548,1.7136025022949712,1.7128406217145455,5.0,980.0,4014080.0,5.3179,4.479172119507345,5.0,980.0,4014080.0,5.12219,5.3179,4.312410901357918,4.479172119507345,0.0,0.0,0.19571000000000005,4.307338169642864e-08,0.23878338169642868,0.8484159835511187,109846.0,18991672197120.0,113950033182720.0
E14,E14 ffn_multiplier 2,docs/HY/testresult/E14_ffn_multiplier_2_result.md,ffn_multiplier_5ep,ffn_mult,2,123,3000,128,192,4,4,2,,0.1,,False,False,128,5,2362752.0,3000,2740,1379486.0,120560.0,805021.0,70386.0,0.5835659078816313,0.5838254810882548,1.7136025022949712,1.7128406217145455,5.0,980.0,4014080.0,5.29172,4.457121173440532,5.0,980.0,4014080.0,5.06699,5.29172,4.265937599556353,4.457121173440532,0.0,0.0,0.2247300000000001,3.8514429209183744e-08,0.26324442920918384,1.6989002654531664,197806.0,9484275548160.0,56905653288960.0
E15,E15 ffn_multiplier 6,docs/HY/testresult/E15_ffn_multiplier_6_result.md,ffn_multiplier_5ep,ffn_mult,6,123,3000,128,192,4,4,6,,0.1,,False,False,128,5,3545472.0,3000,2740,1379486.0,120560.0,805021.0,70386.0,0.5835659078816313,0.5838254810882548,1.7136025022949712,1.7128406217145455,5.0,980.0,4014080.0,5.30062,4.464617484364697,5.0,980.0,4014080.0,5.09652,5.30062,4.290799132204908,4.464617484364697,0.0,0.0,0.2041000000000004,3.5475127551020485e-08,0.23957512755102087,1.1321708364922922,192963.0,14231808245760.0,85390849474560.0
E16,E16 drop_rate 0.0,docs/HY/testresult/E16_drop_rate_0p0_result.md,dropout_5ep,drop_rate,0.0,123,3000,128,192,4,4,4,,0.0,,False,False,128,5,2954112.0,3000,2740,1379486.0,120560.0,805021.0,70386.0,0.5835659078816313,0.5838254810882548,1.7136025022949712,1.7128406217145455,5.0,980.0,4014080.0,5.25243,4.424027908697787,5.0,980.0,4014080.0,5.01098,5.25243,4.2187823525653085,4.424027908697787,0.0,0.0,0.2414500000000004,5.288883131377571e-08,0.2943388313137761,1.3588110403397027,198335.0,11858041896960.0,71148251381760.0
E17,E17 drop_rate 0.05,docs/HY/testresult/E17_drop_rate_0p05_result.md,dropout_5ep,drop_rate,0.05,123,3000,128,192,4,4,4,,0.05,,False,False,128,5,2954112.0,3000,2740,1379486.0,120560.0,805021.0,70386.0,0.5835659078816313,0.5838254810882548,1.7136025022949712,1.7128406217145455,5.0,980.0,4014080.0,5.27773,4.445337646493447,5.0,980.0,4014080.0,5.04756,5.27773,4.249579334085259,4.445337646493447,0.0,0.0,0.2301700000000002,4.576391103316326e-08,0.27593391103316345,1.3588110403397027,192126.0,11858041896960.0,71148251381760.0
E18,E18 drop_rate 0.2,docs/HY/testresult/E18_drop_rate_0p2_result.md,dropout_5ep,drop_rate,0.2,123,3000,128,192,4,4,4,,0.2,,False,False,128,5,2954112.0,3000,2740,1379486.0,120560.0,805021.0,70386.0,0.5835659078816313,0.5838254810882548,1.7136025022949712,1.7128406217145455,5.0,980.0,4014080.0,5.34029,4.49803081631544,5.0,980.0,4014080.0,5.14016,5.34029,4.3275399816726665,4.49803081631544,0.0,0.0,0.20013000000000059,3.2398457429847324e-08,0.2325284574298479,1.3588110403397027,193337.0,11858041896960.0,71148251381760.0
E19,E19 qkv_bias True,docs/HY/testresult/E19_qkv_bias_True_result.md,qkv_bias_5ep,qkv_bias,True,123,3000,128,192,4,4,4,,0.1,,True,False,128,5,2956416.0,3000,2740,1379486.0,120560.0,805021.0,70386.0,0.5835659078816313,0.5838254810882548,1.7136025022949712,1.7128406217145455,5.0,980.0,4014080.0,5.29573,4.460498724767038,5.0,980.0,4014080.0,5.08188,5.29573,4.2784736043357965,4.460498724767038,0.0,0.0,0.21384999999999987,3.658372528698994e-08,0.2504337252869898,1.3577520890158896,180117.0,11867290337280.0,71203742023680.0
E20,E20 weight_tying True,docs/HY/testresult/E20_weight_tying_True_result.md,weight_tying_5ep,tie_embeddings,,123,3000,128,192,4,4,4,,0.1,,False,True,128,5,2378112.0,3000,2740,1379486.0,120560.0,805021.0,70386.0,0.5835659078816313,0.5838254810882548,1.7136025022949712,1.7128406217145455,5.0,980.0,4014080.0,5.42729,4.571309361304466,5.0,980.0,4014080.0,5.30937,5.42729,4.469999173662572,4.571309361304466,0.0,0.0,0.1179199999999998,1.8073879942601515e-08,0.13599387994260131,1.6879272296679046,191334.0,9545931816960.0,57275590901760.0
E21,E21 long_epoch dropout 0.0,docs/HY/testresult/E21_long_epoch_dropout_0p0_result.md,dropout_long,drop_rate,0.0,123,3000,128,192,4,4,4,,0.0,,False,False,128,20,2954112.0,3000,2740,1379486.0,120560.0,805021.0,70386.0,0.5835659078816313,0.5838254810882548,1.7136025022949712,1.7128406217145455,10.0,1960.0,8028160.0,5.0645,4.265737828700229,20.0,3920.0,16056320.0,3.40609,5.45469,2.8676131980668798,4.594387891565377,0.3901900000000005,0.3286500628651483,2.04859,1.9398337277835342e-07,2.6327633727783537,5.435244161358811,195084.0,47432167587840.0,284593005527040.0
E22,E22 long_epoch dropout 0.05,docs/HY/testresult/E22_long_epoch_dropout_0p05_result.md,dropout_long,drop_rate,0.05,123,3000,128,192,4,4,4,,0.05,,False,False,128,20,2954112.0,3000,2740,1379486.0,120560.0,805021.0,70386.0,0.5835659078816313,0.5838254810882548,1.7136025022949712,1.7128406217145455,13.0,2548.0,10436608.0,5.0563,4.258831115264482,20.0,3920.0,16056320.0,3.80803,5.1431,3.2060095554241435,4.3319412038282445,0.08679999999999932,0.07311008856376233,1.33507,1.0058889161576498e-07,1.5224588916157642,5.435244161358811,182882.0,47432167587840.0,284593005527040.0
E23,E23 long_epoch dropout 0.1,docs/HY/testresult/E23_long_epoch_dropout_0p1_result.md,depth_norm_20ep,n_layers_norm_first,"layers=4,norm_first=",123,3000,128,192,4,4,4,,0.1,,False,False,128,20,2954112.0,3000,2740,1379486.0,120560.0,805021.0,70386.0,0.5835659078816313,0.5838254810882548,1.7136025022949712,1.7128406217145455,16.0,3136.0,12845056.0,5.04485,4.249186984918225,20.0,3920.0,16056320.0,4.04072,5.05971,3.4019130444858483,4.261703297315201,0.014859999999999651,0.012516312396975593,1.019,6.543225696527473e-08,1.0992922569652743,5.435244161358811,189773.0,47432167587840.0,284593005527040.0
E24,E24 long_epoch dropout 0.2,docs/HY/testresult/E24_long_epoch_dropout_0p2_result.md,dropout_long,drop_rate,0.2,123,3000,128,192,4,4,4,,0.2,,False,False,128,20,2954112.0,3000,2740,1379486.0,120560.0,805021.0,70386.0,0.5835659078816313,0.5838254810882548,1.7136025022949712,1.7128406217145455,20.0,3920.0,16056320.0,5.04712,4.25109896534495,20.0,3920.0,16056320.0,4.33121,5.04712,3.6464787952165825,4.25109896534495,0.0,0.0,0.715912,3.7653771430594947e-08,0.7535657714305949,5.435244161358811,195312.0,47432167587840.0,284593005527040.0
E25,E25 activation ReLU,docs/HY/testresult/E25_activation_ReLU_result.md,activation_10ep,activation,relu,123,3000,128,192,4,4,4,relu,0.1,False,False,False,128,10,2954112.0,3000,2740,1379486.0,120560.0,805021.0,70386.0,0.5835659078816313,0.5838254810882548,1.7136025022949712,1.7128406217145455,10.0,1960.0,8028160.0,5.09621,4.292446594925539,10.0,1960.0,8028160.0,4.57466,5.09621,3.8514412104990274,4.292446594925539,0.0,0.0,0.521546,6.976645264869696e-08,0.5913124526486969,2.7176220806794054,202689.0,23716083793920.0,142296502763520.0
E26,E26 activation SiLU,docs/HY/testresult/E26_activation_SiLU_result.md,activation_10ep,activation,silu,123,3000,128,192,4,4,4,silu,0.1,False,False,False,128,10,2954112.0,3000,2740,1379486.0,120560.0,805021.0,70386.0,0.5835659078816313,0.5838254810882548,1.7136025022949712,1.7128406217145455,10.0,1960.0,8028160.0,5.13588,4.325859926876283,10.0,1960.0,8028160.0,4.67165,5.13588,3.933097832631885,4.325859926876283,0.0,0.0,0.464228,5.6782378747277566e-08,0.5210103787472775,2.7176220806794054,198161.0,23716083793920.0,142296502763520.0
E27,E27 pre-LN,docs/HY/testresult/E27_preLN_result.md,norm_first_10ep,norm_first,True,123,3000,128,192,4,4,4,gelu,0.1,True,False,False,128,10,2954112.0,3000,2740,1379486.0,120560.0,805021.0,70386.0,0.5835659078816313,0.5838254810882548,1.7136025022949712,1.7128406217145455,10.0,1960.0,8028160.0,5.20749,4.386175749941387,10.0,1960.0,8028160.0,4.82886,5.20749,4.065454132925798,4.386175749941387,0.0,0.0,0.378632,4.7725486011531535e-08,0.42635748601153156,2.7176220806794054,176966.0,23716083793920.0,142296502763520.0
E28,E28 post-LN baseline 10ep,docs/HY/testresult/E28_postLN_baseline_10ep_result.md,weight_tying_long,tie_embeddings_epochs,"weight_tying=False,epochs=10",123,3000,128,192,4,4,4,gelu,0.1,False,False,False,128,10,2954112.0,3000,2740,1379486.0,120560.0,805021.0,70386.0,0.5835659078816313,0.5838254810882548,1.7136025022949712,1.7128406217145455,10.0,1960.0,8028160.0,5.10272,4.2979298515678215,10.0,1960.0,8028160.0,4.6197,5.10272,3.889360730664652,4.2979298515678215,0.0,0.0,0.483027,6.191997021785364e-08,0.5449469702178537,2.7176220806794054,185263.0,23716083793920.0,142296502763520.0
E29,E29 stride 64,docs/HY/testresult/E29_stride_64_result.md,stride_10ep,stride,64,123,3000,128,192,4,4,4,gelu,0.1,False,False,False,64,10,2954112.0,3000,2740,1379486.0,120560.0,805021.0,70386.0,0.5835659078816313,0.5838254810882548,1.7136025022949712,1.7128406217145455,9.0,3537.0,14487552.0,5.00064,4.211949692114032,10.0,3930.0,16097280.0,4.13953,5.00408,3.4851019385259314,4.214847142628541,0.0034400000000003317,0.002897450514509181,0.86455,5.0164727269418306e-08,0.9181547272694187,5.449109580137788,197340.0,47553168015360.0,285319008092160.0
E31,E31 n_heads 1 10ep,docs/HY/testresult/E31_n_heads_1_10ep_result.md,n_heads_10ep,n_heads,1,123,3000,128,192,1,4,4,gelu,0.1,False,False,False,128,10,2954112.0,3000,2740,1379486.0,120560.0,805021.0,70386.0,0.5835659078816313,0.5838254810882548,1.7136025022949712,1.7128406217145455,10.0,1960.0,8028160.0,5.10989,4.303969014413469,10.0,1960.0,8028160.0,4.63914,5.10989,3.90572741521216,4.303969014413469,0.0,0.0,0.470751,5.834387557163732e-08,0.5290948755716373,2.7176220806794054,194619.0,23716083793920.0,142296502763520.0
E32,E32 n_heads 2 10ep,docs/HY/testresult/E32_n_heads_2_10ep_result.md,n_heads_10ep,n_heads,2,123,3000,128,192,2,4,4,gelu,0.1,False,False,False,128,10,2954112.0,3000,2740,1379486.0,120560.0,805021.0,70386.0,0.5835659078816313,0.5838254810882548,1.7136025022949712,1.7128406217145455,10.0,1960.0,8028160.0,5.09708,4.293179380375429,10.0,1960.0,8028160.0,4.6212,5.09708,3.8906235921266505,4.293179380375429,0.0,0.0,0.475874,6.099851903172765e-08,0.5368725190317276,2.7176220806794054,207043.0,23716083793920.0,142296502763520.0
E33,E33 n_heads 8 10ep,docs/HY/testresult/E33_n_heads_8_10ep_result.md,n_heads_10ep,n_heads,8,123,3000,128,192,8,4,4,gelu,0.1,False,False,False,128,10,2954112.0,3000,2740,1379486.0,120560.0,805021.0,70386.0,0.5835659078816313,0.5838254810882548,1.7136025022949712,1.7128406217145455,10.0,1960.0,8028160.0,5.11329,4.306832773642925,10.0,1960.0,8028160.0,4.6249,5.11329,3.893738650399582,4.306832773642925,0.0,0.0,0.488385,6.627447234113076e-08,0.5546594723411308,2.7176220806794054,189309.0,23716083793920.0,142296502763520.0
E34,E34 n_heads 12 10ep,docs/HY/testresult/E34_n_heads_12_10ep_result.md,n_heads_10ep,n_heads,12,123,3000,128,192,12,4,4,gelu,0.1,False,False,False,128,10,2954112.0,3000,2740,1379486.0,120560.0,805021.0,70386.0,0.5835659078816313,0.5838254810882548,1.7136025022949712,1.7128406217145455,10.0,1960.0,8028160.0,5.12254,4.314623883311298,10.0,1960.0,8028160.0,4.63304,5.12254,3.90059177860003,4.314623883311298,0.0,0.0,0.489507,6.461113956022867e-08,0.5541181395602287,2.7176220806794054,195292.0,23716083793920.0,142296502763520.0
E35,E35 ffn multiplier 2 10ep,docs/HY/testresult/E35_ffn_multiplier_2_10ep_result.md,ffn_multiplier_10ep,ffn_mult,2,123,3000,128,192,4,4,2,gelu,0.1,False,False,False,128,10,2362752.0,3000,2740,1379486.0,120560.0,805021.0,70386.0,0.5835659078816313,0.5838254810882548,1.7136025022949712,1.7128406217145455,10.0,1960.0,8028160.0,5.11043,4.304423846761677,10.0,1960.0,8028160.0,4.61679,5.11043,3.8869107794283737,4.304423846761677,0.0,0.0,0.493636,6.353539781070143e-08,0.5571713978107015,3.397800530906333,187865.0,18968551096320.0,113811306577920.0
E36,E36 ffn multiplier 6 10ep,docs/HY/testresult/E36_ffn_multiplier_6_10ep_result.md,ffn_multiplier_10ep,ffn_mult,6,123,3000,128,192,4,4,6,gelu,0.1,False,False,False,128,10,3545472.0,3000,2740,1379486.0,120560.0,805021.0,70386.0,0.5835659078816313,0.5838254810882548,1.7136025022949712,1.7128406217145455,10.0,1960.0,8028160.0,5.09563,4.291958071292279,10.0,1960.0,8028160.0,4.62413,5.09563,3.8930903815157554,4.291958071292279,0.0,0.0,0.471503,6.38159875345464e-08,0.5353189875345464,2.2643416729845844,194872.0,28463616491520.0,170781698949120.0
E37,E37 postLN layers8 10ep,docs/HY/testresult/E37_postLN_layers8_10ep_result.md,qkv_bias_10ep,qkv_bias,False,123,3000,128,192,4,8,4,gelu,0.1,False,False,False,128,10,4731264.0,3000,2740,1379486.0,120560.0,805021.0,70386.0,0.5835659078816313,0.5838254810882548,1.7136025022949712,1.7128406217145455,10.0,1960.0,8028160.0,5.07091,4.27113685712988,10.0,1960.0,8028160.0,4.56435,5.07091,3.842761142716887,4.27113685712988,0.0,0.0,0.506557,8.019185087218617e-08,0.5867488508721862,1.6968319671022374,103950.0,37983344394240.0,227900066365440.0
E38,E38 preLN layers8 10ep,docs/HY/testresult/E38_preLN_layers8_10ep_result.md,depth_norm_10ep,n_layers_norm_first,"layers=8,norm_first=True",123,3000,128,192,4,8,4,gelu,0.1,True,False,False,128,10,4731264.0,3000,2740,1379486.0,120560.0,805021.0,70386.0,0.5835659078816313,0.5838254810882548,1.7136025022949712,1.7128406217145455,10.0,1960.0,8028160.0,5.24246,4.41563035589847,10.0,1960.0,8028160.0,4.92439,5.24246,4.14588156990231,4.41563035589847,0.0,0.0,0.318076,4.0956828081018455e-08,0.3590328280810185,1.6968319671022374,106027.0,37983344394240.0,227900066365440.0
E39,E39 qkv bias true 10ep,docs/HY/testresult/E39_qkv_bias_true_10ep_result.md,qkv_bias_10ep,qkv_bias,True,123,3000,128,192,4,4,4,gelu,0.1,False,True,False,128,10,2956416.0,3000,2740,1379486.0,120560.0,805021.0,70386.0,0.5835659078816313,0.5838254810882548,1.7136025022949712,1.7128406217145455,10.0,1960.0,8028160.0,5.10172,4.297087569441511,10.0,1960.0,8028160.0,4.62043,5.10172,3.8899753232428247,4.297087569441511,0.0,0.0,0.481286,6.225043846415429e-08,0.5435364384641543,2.7155041780317792,175236.0,23734580674560.0,142407484047360.0
E40,E40 qkv bias true layers8 10ep,docs/HY/testresult/E40_qkv_bias_true_layers8_10ep_result.md,qkv_bias_10ep,qkv_bias,True,123,3000,128,192,4,8,4,gelu,0.1,False,True,False,128,10,4735872.0,3000,2740,1379486.0,120560.0,805021.0,70386.0,0.5835659078816313,0.5838254810882548,1.7136025022949712,1.7128406217145455,10.0,1960.0,8028160.0,5.11298,4.3065716661837685,10.0,1960.0,8028160.0,4.65565,5.11298,3.9196273103705623,4.3065716661837685,0.0,0.0,0.457322,6.918539780763008e-08,0.5265073978076301,1.695180950836509,97985.3,38020338155520.0,228122028933120.0
E41,E41 weight tying true 10ep,docs/HY/testresult/E41_weight_tying_true_10ep_result.md,weight_tying_long,tie_embeddings_epochs,"weight_tying=True,epochs=10",123,3000,128,192,4,4,4,gelu,0.1,False,False,True,128,10,2378112.0,3000,2740,1379486.0,120560.0,805021.0,70386.0,0.5835659078816313,0.5838254810882548,1.7136025022949712,1.7128406217145455,10.0,1960.0,8028160.0,5.13774,4.32742657163122,10.0,1960.0,8028160.0,4.85127,5.13774,4.084321283168065,4.32742657163122,0.0,0.0,0.286472,3.651424191525664e-08,0.32298624191525666,3.3758544593358093,186600.0,19091863633920.0,114551181803520.0
E42,E42 weight tying true 20ep,docs/HY/testresult/E42_weight_tying_true_20ep_result.md,weight_tying_long,tie_embeddings_epochs,"weight_tying=True,epochs=20",123,3000,128,192,4,4,4,gelu,0.1,False,False,True,128,20,2378112.0,3000,2740,1379486.0,120560.0,805021.0,70386.0,0.5835659078816313,0.5838254810882548,1.7136025022949712,1.7128406217145455,20.0,3920.0,16056320.0,4.98856,4.201774924028198,20.0,3920.0,16056320.0,4.37352,4.98856,3.682099907521369,4.201774924028198,0.0,0.0,0.615043,3.89155623291915e-08,0.6539585623291915,6.751708918671619,188063.0,38183727267840.0,229102363607040.0
E43,E43 weight tying false 50ep,docs/HY/testresult/E43_weight_tying_false_50ep_result.md,weight_tying_long,tie_embeddings_epochs,"weight_tying=False,epochs=50",123,3000,128,192,4,4,4,gelu,0.1,False,False,False,128,50,2954112.0,3000,2740,1379486.0,120560.0,805021.0,70386.0,0.5835659078816313,0.5838254810882548,1.7136025022949712,1.7128406217145455,16.0,3136.0,12845056.0,5.04485,4.249186984918225,50.0,9800.0,40140800.0,3.11708,5.39057,2.6242934706453176,4.54038076162634,0.34572,0.2911937767081145,2.27349,4.166809674163549e-08,2.6608780967416354,13.588110403397028,189742.0,118580418969600.0,711482513817600.0
E44,E44 weight tying true 50ep,docs/HY/testresult/E44_weight_tying_true_50ep_result.md,weight_tying_long,tie_embeddings_epochs,"weight_tying=True,epochs=50",123,3000,128,192,4,4,4,gelu,0.1,False,False,True,128,50,2378112.0,3000,2740,1379486.0,120560.0,805021.0,70386.0,0.5835659078816313,0.5838254810882548,1.7136025022949712,1.7128406217145455,25.0,4900.0,20070400.0,4.97771,4.1926361629577285,50.0,9800.0,40140800.0,3.67226,5.07714,3.0917037549604034,4.276384274776795,0.09942999999999991,0.08374811181906683,1.40489,2.7742159281873138e-08,1.532062159281873,16.879272296679048,196730.0,95459318169600.0,572755909017600.0
E45,E45 postLN layers8 20ep,docs/HY/testresult/E45_postLN_layers8_20ep_result.md,depth_norm_20ep,n_layers_norm_first,"layers=8,norm_first=False",123,3000,128,192,4,8,4,gelu,0.1,False,False,False,128,20,4731264.0,3000,2740,1379486.0,120560.0,805021.0,70386.0,0.5835659078816313,0.5838254810882548,1.7136025022949712,1.7128406217145455,14.0,2744.0,11239424.0,5.02634,4.233596342760215,20.0,3920.0,16056320.0,3.81998,5.07744,3.216070351738069,4.276636959414689,0.05109999999999992,0.04304061665447367,1.25747,9.517359738204746e-08,1.4037435973820476,3.3936639342044748,106533.0,75966688788480.0,455800132730880.0
E46,E46 preLN layers8 20ep,docs/HY/testresult/E46_preLN_layers8_20ep_result.md,depth_norm_20ep,n_layers_norm_first,"layers=8,norm_first=True",123,3000,128,192,4,8,4,gelu,0.1,True,False,False,128,20,4731264.0,3000,2740,1379486.0,120560.0,805021.0,70386.0,0.5835659078816313,0.5838254810882548,1.7136025022949712,1.7128406217145455,20.0,3920.0,16056320.0,5.01802,4.22658855546931,20.0,3920.0,16056320.0,4.23948,5.01802,3.569250607277135,4.22658855546931,0.0,0.0,0.778538,6.183080283019438e-08,0.8403688028301943,3.3936639342044748,101662.0,75966688788480.0,455800132730880.0
E47,E47 postLN layers12 20ep,docs/HY/testresult/E47_postLN_layers12_20ep_result.md,depth_norm_20ep,n_layers_norm_first,"layers=12,norm_first=False",123,3000,128,192,4,12,4,gelu,0.1,False,False,False,128,20,6508416.0,3000,2740,1379486.0,120560.0,805021.0,70386.0,0.5835659078816313,0.5838254810882548,1.7136025022949712,1.7128406217145455,18.0,3528.0,14450688.0,7.29038,6.140556768012553,20.0,3920.0,16056320.0,7.29105,7.29057,6.138390708338747,6.140716801616552,0.00018999999999991246,0.0001600336039988548,-0.000484629,4.3549738645969676e-10,0.0006254973864596091,2.4670088697464942,70356.9,104501209989120.0,627007259934720.0
E48,E48 preLN layers12 20ep,docs/HY/testresult/E48_preLN_layers12_20ep_result.md,depth_norm_20ep,n_layers_norm_first,"layers=12,norm_first=True",123,3000,128,192,4,12,4,gelu,0.1,True,False,False,128,20,6508416.0,3000,2740,1379486.0,120560.0,805021.0,70386.0,0.5835659078816313,0.5838254810882548,1.7136025022949712,1.7128406217145455,20.0,3920.0,16056320.0,5.01829,4.226815971643415,20.0,3920.0,16056320.0,4.15652,5.01829,3.499405949352174,4.226815971643415,0.0,0.0,0.861776,8.156008747212527e-08,0.9433360874721253,2.4670088697464942,73676.8,104501209989120.0,627007259934720.0
E49,E49 activation GELU depth8 preLN seed42 20ep,docs/HY/testresult/E49_activation_GELU_depth8_preLN_seed42_20ep_result.md,activation_seed,activation_seed,"activation=gelu,seed=42",42,3000,128,192,4,8,4,gelu,0.1,True,False,False,128,20,4731264.0,3000,2740,1379486.0,120560.0,805021.0,70386.0,0.5835659078816313,0.5838254810882548,1.7136025022949712,1.7128406217145455,20.0,3920.0,16056320.0,5.00007,4.211469591302034,20.0,3920.0,16056320.0,4.17547,5.00007,3.5153600991554286,4.211469591302034,0.0,0.0,0.8246,6.766566790095683e-08,0.8922656679009568,3.3936639342044748,108931.0,75966688788480.0,455800132730880.0
E50,E50 activation ReLU depth8 preLN seed42 20ep,docs/HY/testresult/E50_activation_ReLU_depth8_preLN_seed42_20ep_result.md,activation_seed,activation_seed,"activation=relu,seed=42",42,3000,128,192,4,8,4,relu,0.1,True,False,False,128,20,4731264.0,3000,2740,1379486.0,120560.0,805021.0,70386.0,0.5835659078816313,0.5838254810882548,1.7136025022949712,1.7128406217145455,16.0,3136.0,12845056.0,5.04861,4.252353965713153,20.0,3920.0,16056320.0,3.99895,5.05591,3.3667465623073816,4.258502625235221,0.007299999999999862,0.006148659522067668,1.05696,7.668608406012155e-08,1.1409460840601213,3.3936639342044748,116739.0,75966688788480.0,455800132730880.0
E51,E51 activation SiLU depth8 preLN seed42 20ep,docs/HY/testresult/E51_activation_SiLU_depth8_preLN_seed42_20ep_result.md,activation_seed,activation_seed,"activation=silu,seed=42",42,3000,128,192,4,8,4,silu,0.1,True,False,False,128,20,4731264.0,3000,2740,1379486.0,120560.0,805021.0,70386.0,0.5835659078816313,0.5838254810882548,1.7136025022949712,1.7128406217145455,20.0,3920.0,16056320.0,5.11516,4.308407841219126,20.0,3920.0,16056320.0,4.47866,5.11516,3.770618076931088,4.308407841219126,0.0,0.0,0.636498,4.068037546811372e-08,0.6771783754681138,3.3936639342044748,123180.0,75966688788480.0,455800132730880.0
E52,E52 activation GELU depth8 preLN seed123 20ep,docs/HY/testresult/E52_activation_GELU_depth8_preLN_seed123_20ep_result.md,activation_seed,activation_seed,"activation=gelu,seed=123",123,3000,128,192,4,8,4,gelu,0.1,True,False,False,128,20,4731264.0,3000,2740,1379486.0,120560.0,805021.0,70386.0,0.5835659078816313,0.5838254810882548,1.7136025022949712,1.7128406217145455,20.0,3920.0,16056320.0,5.01802,4.22658855546931,20.0,3920.0,16056320.0,4.23948,5.01802,3.569250607277135,4.22658855546931,0.0,0.0,0.778538,6.183080283019438e-08,0.8403688028301943,3.3936639342044748,106037.0,75966688788480.0,455800132730880.0
E53,E53 activation ReLU depth8 preLN seed123 20ep,docs/HY/testresult/E53_activation_ReLU_depth8_preLN_seed123_20ep_result.md,activation_seed,activation_seed,"activation=relu,seed=123",123,3000,128,192,4,8,4,relu,0.1,True,False,False,128,20,4731264.0,3000,2740,1379486.0,120560.0,805021.0,70386.0,0.5835659078816313,0.5838254810882548,1.7136025022949712,1.7128406217145455,17.0,3332.0,13647872.0,5.04821,4.252017052862628,20.0,3920.0,16056320.0,3.99907,5.05189,3.3668475912243414,4.2551166510874525,0.0036800000000001276,0.003099598224824085,1.05282,7.489338908658743e-08,1.1313933890865877,3.3936639342044748,107537.0,75966688788480.0,455800132730880.0
E54,E54 activation SiLU depth8 preLN seed123 20ep,docs/HY/testresult/E54_activation_SiLU_depth8_preLN_seed123_20ep_result.md,activation_seed,activation_seed,"activation=silu,seed=123",123,3000,128,192,4,8,4,silu,0.1,True,False,False,128,20,4731264.0,3000,2740,1379486.0,120560.0,805021.0,70386.0,0.5835659078816313,0.5838254810882548,1.7136025022949712,1.7128406217145455,20.0,3920.0,16056320.0,5.12273,4.314783916915297,20.0,3920.0,16056320.0,4.48244,5.12273,3.7738004878153264,4.314783916915297,0.0,0.0,0.640292,4.089950434292891e-08,0.6811915043429289,3.3936639342044748,113550.0,75966688788480.0,455800132730880.0
E55,E55 activation GELU depth8 preLN seed2026 20ep,docs/HY/testresult/E55_activation_GELU_depth8_preLN_seed2026_20ep_result.md,activation_seed,activation_seed,"activation=gelu,seed=2026",2026,3000,128,192,4,8,4,gelu,0.1,True,False,False,128,20,4731264.0,3000,2740,1379486.0,120560.0,805021.0,70386.0,0.5835659078816313,0.5838254810882548,1.7136025022949712,1.7128406217145455,20.0,3920.0,16056320.0,5.02581,4.23314993323327,20.0,3920.0,16056320.0,4.18926,5.02581,3.526970005529406,4.23314993323327,0.0,0.0,0.83655,6.935568368085855e-08,0.9059056836808586,3.3936639342044748,103179.0,75966688788480.0,455800132730880.0
E56,E56 activation ReLU depth8 preLN seed2026 20ep,docs/HY/testresult/E56_activation_ReLU_depth8_preLN_seed2026_20ep_result.md,activation_seed,activation_seed,"activation=relu,seed=2026",2026,3000,128,192,4,8,4,relu,0.1,True,False,False,128,20,4731264.0,3000,2740,1379486.0,120560.0,805021.0,70386.0,0.5835659078816313,0.5838254810882548,1.7136025022949712,1.7128406217145455,16.0,3136.0,12845056.0,5.05259,4.255706248575869,20.0,3920.0,16056320.0,4.01172,5.06233,3.3774977228872003,4.263910076486135,0.00973999999999986,0.008203827910265638,1.0506,7.80121092235069e-08,1.1383521092235067,3.3936639342044748,113008.0,75966688788480.0,455800132730880.0
E57,E57 activation SiLU depth8 preLN seed2026 20ep,docs/HY/testresult/E57_activation_SiLU_depth8_preLN_seed2026_20ep_result.md,activation_seed,activation_seed,"activation=silu,seed=2026",2026,3000,128,192,4,8,4,silu,0.1,True,False,False,128,20,4731264.0,3000,2740,1379486.0,120560.0,805021.0,70386.0,0.5835659078816313,0.5838254810882548,1.7136025022949712,1.7128406217145455,20.0,3920.0,16056320.0,5.14228,4.33125053248467,20.0,3920.0,16056320.0,4.49343,5.14228,3.7830530527935724,4.33125053248467,0.0,0.0,0.648859,4.144233258306368e-08,0.6903013325830636,3.3936639342044748,113252.0,75966688788480.0,455800132730880.0
E60,E60 postLN layers8 drop0.2 lr0.0002,docs/HY/testresult/E60_postLN_layers8_drop0p2_lr0p0002_result.md,regularized_depth_norm,n_layers_norm_first,"layers=8,norm_first=False",123,3000,128,192,4,8,4,gelu,0.2,False,False,False,128,20,4731264.0,3000,2740,1379486.0,120560.0,805021.0,70386.0,0.5835659078816313,0.5838254810882548,1.7136025022949712,1.7128406217145455,20.0,3920.0,16056320.0,5.06882,4.269376487485891,20.0,3920.0,16056320.0,4.60682,5.06882,3.8785169602442866,4.269376487485891,0.0,0.0,0.461998,2.7794543804992007e-08,0.48979254380499204,3.3936639342044748,115363.0,75966688788480.0,455800132730880.0
E61,E61 preLN layers8 drop0.2 lr0.0002,docs/HY/testresult/E61_preLN_layers8_drop0p2_lr0p0002_result.md,regularized_depth_norm,n_layers_norm_first,"layers=8,norm_first=True",123,3000,128,192,4,8,4,gelu,0.2,True,False,False,128,20,4731264.0,3000,2740,1379486.0,120560.0,805021.0,70386.0,0.5835659078816313,0.5838254810882548,1.7136025022949712,1.7128406217145455,20.0,3920.0,16056320.0,5.19148,4.372690813099154,20.0,3920.0,16056320.0,4.89562,5.19148,4.12165988706117,4.372690813099154,0.0,0.0,0.295861,1.6247207082378923e-08,0.3121082070823789,3.3936639342044748,106801.0,75966688788480.0,455800132730880.0
E62,E62 postLN layers12 drop0.2 lr0.0002,docs/HY/testresult/E62_postLN_layers12_drop0p2_lr0p0002_result.md,regularized_depth_norm,n_layers_norm_first,"layers=12,norm_first=False",123,3000,128,192,4,12,4,gelu,0.2,False,False,False,128,20,6508416.0,3000,2740,1379486.0,120560.0,805021.0,70386.0,0.5835659078816313,0.5838254810882548,1.7136025022949712,1.7128406217145455,20.0,3920.0,16056320.0,5.06085,4.262663498939196,20.0,3920.0,16056320.0,4.56902,5.06085,3.8466928514019108,4.262663498939196,0.0,0.0,0.491836,3.1446546932188655e-08,0.5232825469321887,2.4670088697464942,78411.3,104501209989120.0,627007259934720.0
E63,E63 preLN layers12 drop0.2 lr0.0002,docs/HY/testresult/E63_preLN_layers12_drop0p2_lr0p0002_result.md,regularized_depth_norm,n_layers_norm_first,"layers=12,norm_first=True",123,3000,128,192,4,12,4,gelu,0.2,True,False,False,128,20,6508416.0,3000,2740,1379486.0,120560.0,805021.0,70386.0,0.5835659078816313,0.5838254810882548,1.7136025022949712,1.7128406217145455,20.0,3920.0,16056320.0,5.14245,4.331393720446143,20.0,3920.0,16056320.0,4.8324,5.14245,4.068434485976116,4.331393720446143,0.0,0.0,0.310047,1.9328593634486503e-08,0.32937559363448654,2.4670088697464942,77913.1,104501209989120.0,627007259934720.0
